{
"type": "FeatureCollection",
"name": "QAFI_faults",
"crs": { "type": "name", "properties": { "name": "urn:ogc:def:crs:EPSG::4258" } },
"xy_coordinate_resolution": 1e-15,
"features": [
{ "type": "Feature", "properties": { "ID": "ES605", "FaultName": "Jumilla (Sector Murcia)", "SectionNam": "Calasparra-Jumilla-Yecla-Caudete", "LocationX": -1.71284157, "LocationY": 38.26675464, "Geological": "Betic Range (Murcia)", "Identifica": "Geological/Geomorphological field mapping", "NameOfComp": "García-Mayordomo, J., Martín-Banda R., Van Balen, R.T.", "Filiation": "IGME", "EmailCompi": "julian.garcia@igme.es", "Last_Updat": "2021-09-09", "AverageStr": "055", "StrikeErro": "+ 15 / - 10", "StrikeSour": "LD", "StrikeComm": "García-Mayordomo (2005), fig. 3.29; Van Balen et al. (2013). In QAFI v.3 this fault was divided in 3 segments: Calasparra-Jumilla, Jumilla-Yecla and Yecla-Caudete. Because of similarity these have grouped together in just one record.", "Dip": "90", "DipError": null, "DipSource": "LD", "DipComment": "García-Mayordomo (2005) To apply right hand rule criteria dip is considered towards S", "Rake": 30.0, "RakeError": null, "RakeSource": "EJ", "RakeCommen": "Unknown.", "SenseOfMov": "SR", "SenseOfM_1": null, "SenseOfM_2": "EJ", "SenseOfM_3": "García-Mayordomo (2005)", "Length": 35.0, "LengthErro": "5-10 to 35 km", "LengthSour": "LD", "LengthComm": "35 km is the total length of the fault trace. Note that 5-10 km is the length of single faults included in the shear zone of the fault zone (García-Mayordomo, 2005 -Table 3.12; Van Balen et al., 2013). In QAFI v.3 three segments were differentiated.", "MinDepth": 0.0, "MinDepthEr": null, "MinDepthSo": "LD", "MinDepthCo": "García-Mayordomo (2005)", "MaxDepth": 11.0, "MaxDepthEr": null, "MaxDepthSo": "LD", "MaxDepthCo": "García-Mayordomo (2005)", "Width": 11.0, "WidthError": null, "WidthSourc": "AR", "WidthComme": null, "Area": 385.0, "AreaError": null, "AreaSource": "AR", "AreaCommen": null, "AYDA": "< 500 ka", "AYDAError": "Middle-Upper Pleistocene", "AYDASource": "LD", "AYDACommet": "Age by numerical forward modelling of scarp degradation using a diffusion approach in the Jumilla-Yecla section of the fault (Van Balen et al., 2013). Considering alluvial fan cartography from ITGE (1993) age would be Middle-Upper Pleistocene.", "VerticalSl": 0.01, "Vertical_1": "<0.01", "Vertical_2": "EJ", "Vertical_3": "By comparison with other active faults in the area (Table 3.30 y Fig. 3.29 in  García-Mayordomo, 2005)", "Horizontal": 0.017, "Horizont_1": "<0.017", "Horizont_2": "AR", "Horizont_3": "From NRS and 30º rake", "NetSlipRat": 0.02, "NetSlipR_1": "<0.02", "NetSlipR_2": "AR", "NetSlipR_3": "From VRS, dip and 30º rake", "MaxSlipPer": 0.0, "MaxSlipP_1": null, "MaxSlipP_2": null, "MaxSlipP_3": "Unknown", "NumSeismic": null, "NumSeism_1": null, "NumSeism_2": null, "NumSeism_3": "Unknown", "EAC": null, "EACSource": null, "EACComment": "Unknown", "Geomorphic": "Deformed Lower-Middle Pleistocene alluvial fans. In the middle section of the fault (Jumilla-Yecla) Van Balen et al (2013) describe fault scarps, drainage network anomalies, pop-up hills and tectonic lineaments.", "Geomorph_1": "LD", "Geomorph_2": "ITGE (1993) in García-Mayordomo (2005). Van Balen et al. (2013)", "MaxMagnitu": 6.01, "MaxMagni_1": "5.89-6.24", "MaxMagni_2": "LD", "MaxMagni_3": "According to García Mayordomo (2005) based on: SRL(5-10 km) vs Mw from Wells and Coppersmith (1994) and sample \"All\".", "Recurrence": 0.0, "Recurren_1": null, "Recurren_2": null, "Recurren_3": "Unstated", "DLME": null, "DLMEError": null, "DLMESource": null, "DLMECommen": "Unknown", "RelatedEar": -1, "Extended_I": "EXTENDED_INFORMATION\\ES600-ES625.rar", "References": "Garcia-Mayordomo, J. (2005). Caracterización y Análisis de la Peligrosidad Sísmica en el Sureste de España. Tesis Doctoral, Universidad Complutense de Madrid, 373 pp.\n\nI.G.M.E. (1978b). Mapa geológico de España a escala 1/50.000. Serie MAGNA Hoja n", "StrengthOf": "C", "MaxMagni_4": "D", "SlipRateAc": "C", "Recurren_4": null, "Fault_Trac": "2", "Slip_Rate_": "3", "Activity_D": "3", "OrdenVisua": "121", "BaseDeDato": "QAFI_V.3" }, "geometry": { "type": "MultiLineString", "coordinates": [ [ [ -1.712841573376522, 38.266754637790427 ], [ -1.70187300165594, 38.269322867857966 ], [ -1.693555680489567, 38.271699221058213 ], [ -1.684050260845822, 38.275026117933578 ], [ -1.676208289639646, 38.278828285791064 ], [ -1.66503942155822, 38.284056266595087 ], [ -1.652207020077981, 38.290234787303291 ], [ -1.644365022961949, 38.293561683566111 ], [ -1.635097208312857, 38.29617567329035 ], [ -1.626304836509917, 38.297363854096375 ], [ -1.609907987624297, 38.300215479989504 ] ], [ [ -1.604442371329299, 38.301403657444951 ], [ -1.570935767084904, 38.308295086686769 ] ], [ [ -1.54123133069811, 38.320652132223643 ], [ -1.556915273110349, 38.312810161017524 ] ], [ [ -1.520794678464028, 38.334007246822921 ], [ -1.501783839176426, 38.347790105306387 ] ], [ [ -1.494417138952542, 38.35653509137876 ], [ -1.483961177344497, 38.367466323969154 ] ], [ [ -1.475406299664769, 38.375355822273264 ], [ -1.462336347654627, 38.388188138792486 ], [ -1.453068563501972, 38.399357006873743 ], [ -1.441424424438253, 38.413377500848412 ], [ -1.420987772204455, 38.437378685448891 ], [ -1.408630726667411, 38.450211001968 ] ], [ [ -1.466740916999868, 38.431907262918912 ], [ -1.461581523999939, 38.437189099919067 ], [ -1.456816316999891, 38.443701607919138 ], [ -1.452313862999858, 38.447832515919174 ], [ -1.448250155999915, 38.450335120919192 ], [ -1.445694905999972, 38.45201816291916 ], [ -1.444539090999911, 38.453874919919258 ], [ -1.44078079499991, 38.45702597591918 ], [ -1.43822842999981, 38.459096095919222 ], [ -1.429619861999868, 38.463087463919237 ], [ -1.424341432999825, 38.466037741919308 ] ], [ [ -1.444751321313731, 38.434289424064616 ], [ -1.426928659481689, 38.443081937235149 ], [ -1.406967278229672, 38.455914253754202 ], [ -1.394610232692912, 38.464944402415711 ] ], [ [ -1.382697215999883, 38.493615326919439 ], [ -1.377574301999914, 38.497118252919563 ], [ -1.372551481999835, 38.500932003919502 ], [ -1.369675633999918, 38.502580474919569 ], [ -1.366262179999921, 38.50404936491941 ], [ -1.361982082999816, 38.504800177919492 ] ], [ [ -1.386321849999831, 38.494890160919567 ], [ -1.381281334999869, 38.499509816919556 ], [ -1.375976258999856, 38.50309100091954 ], [ -1.370924322999826, 38.506354145919602 ], [ -1.364513506999913, 38.509378438919668 ] ], [ [ -1.335265475999847, 38.511574833919553 ], [ -1.331713514999876, 38.512413141919637 ], [ -1.328394003999904, 38.513261921919536 ], [ -1.326477681999904, 38.513681659919655 ], [ -1.325027332999866, 38.513924570919585 ] ], [ [ -1.257732189822377, 38.514372584563375 ], [ -1.195234055664798, 38.547784134611049 ] ], [ [ -1.329495156999883, 38.525057526919682 ], [ -1.327164271999891, 38.525586284919711 ], [ -1.325341986999888, 38.526211064919721 ], [ -1.323230498999919, 38.526557573919717 ], [ -1.321240294999882, 38.52704870091975 ], [ -1.319372841999837, 38.527741461919788 ], [ -1.317891154999813, 38.528353554919704 ], [ -1.315993667999919, 38.528857656919683 ], [ -1.311985831999891, 38.529612833919714 ], [ -1.311193108999817, 38.529766659919687 ] ], [ [ -1.3068342709999, 38.526548522919768 ], [ -1.303992274999814, 38.527117401919668 ], [ -1.30042770599988, 38.528272477919643 ], [ -1.29522029099985, 38.530502849919628 ], [ -1.289742109999906, 38.532472843919777 ], [ -1.286172270999884, 38.53359353391977 ], [ -1.280121202999851, 38.535061022919763 ] ], [ [ -1.287436626209455, 38.53661526652968 ], [ -1.262247264153245, 38.549447583048732 ], [ -1.244899873303325, 38.557527189745997 ], [ -1.223037408122366, 38.566794973898766 ], [ -1.199749129994927, 38.57630039354234 ], [ -1.171708142045702, 38.587706897114913 ] ], [ [ -1.150558583338977, 38.57630039354234 ], [ -1.128220847175953, 38.591746700463489 ], [ -1.108497101415026, 38.608143549349109 ] ], [ [ -1.162677993384705, 38.592934877918935 ], [ -1.111823998290561, 38.624540398234501 ] ], [ [ -1.070237787349015, 38.630243650020873 ], [ -1.036311368657026, 38.657808865208054 ] ], [ [ -1.101130401191426, 38.631669462967352 ], [ -1.051226948061412, 38.660898628372024 ], [ -1.047145829087978, 38.663948727815331 ] ] ] } },
{ "type": "Feature", "properties": { "ID": "ME029", "FaultName": "Las Moreras - Escarpe de Mazarrón (1/3)", "SectionNam": "Sierra de las Moreras - Cabo Tiñoso", "LocationX": -1.41273146, "LocationY": 37.60068182, "Geological": "Betic Range (Murcia)", "Identifica": "Geological/Geomorphological field mapping", "NameOfComp": "García Mayordomo, J. and Martín Banda, R.", "Filiation": "IGME and Universidad Complutense de Madrid", "EmailCompi": "Julian.Garcia@igme.es; raquem08@ucm.es", "Last_Updat": "2014-07-22", "AverageStr": "104", "StrikeErro": "+ 2 / - 1", "StrikeSour": "LD", "StrikeComm": "García-Mayordomo (2005); Acosta et al. (2013). To apply right hand rule criteria dip is considered towards S.", "Dip": "90", "DipError": null, "DipSource": "LD", "DipComment": "García-Mayordomo (2005) Table 4.21.", "Rake": 180.0, "RakeError": null, "RakeSource": "LD", "RakeCommen": "Acosta et al. (2013)", "SenseOfMov": "D", "SenseOfM_1": "D to R", "SenseOfM_2": "LD", "SenseOfM_3": "García-Mayordomo (2005); Acosta et al. (2013); Echeverria et al. (2013) based on GPS data suggests reverse fault kinematics for this fault.", "Length": 31.62, "LengthErro": "± 0.02", "LengthSour": "LD", "LengthComm": "Compiler's measurement, based on Acosta et al. (2013).", "MinDepth": 0.0, "MinDepthEr": null, "MinDepthSo": "LD", "MinDepthCo": "This is the onshore continuation of Escarpe de Mazarrón offshore structure (García-Mayordomo, 2005, p.169.; Acosta et al., 2013).", "MaxDepth": 8.0, "MaxDepthEr": null, "MaxDepthSo": "LD", "MaxDepthCo": "Given value is the depth of the fragile crust. The fault depth is mantelic. García-Mayordomo (2005), table 4.21.", "Width": 8.0, "WidthError": null, "WidthSourc": "AR", "WidthComme": null, "Area": 252.96, "AreaError": null, "AreaSource": "AR", "AreaCommen": null, "AYDA": "Middle Pleistocene", "AYDAError": null, "AYDASource": "LD", "AYDACommet": "Bardají (1999) in García-Mayordomo (2005), p. 169.", "VerticalSl": 0.0, "Vertical_1": null, "Vertical_2": "EJ", "Vertical_3": "VSR=0, assumed pure strike-slip faulting.", "Horizontal": 0.05, "Horizont_1": "<0.05 m/ka", "Horizont_2": "EJ", "Horizont_3": "By comparison with other active faults in the area (Table 3.30 y Fig. 3.29 in García-Mayordomo, 2005)", "NetSlipRat": 0.05, "NetSlipR_1": null, "NetSlipR_2": "AR", "NetSlipR_3": "From HSR and rake", "MaxSlipPer": 0.0, "MaxSlipP_1": null, "MaxSlipP_2": null, "MaxSlipP_3": "Unknown", "NumSeismic": null, "NumSeism_1": null, "NumSeism_2": null, "NumSeism_3": "Unknown", "EAC": null, "EACSource": null, "EACComment": "Unknown", "Geomorphic": "Activity of the fault is related to the uplift of Sierra de las Moreras during Lower and Middle Pleistocene (Bardají, 1999).", "Geomorph_1": "LD", "Geomorph_2": "Bardají (1999) in García-Mayordomo (2005), p. 169.", "MaxMagnitu": 6.8, "MaxMagni_1": "± 0.22", "MaxMagni_2": "LD", "MaxMagni_3": "Mw is 6.80 (± 0.3) according to García Mayordomo (2005) based on: SRL(31.6 km) vs Mw, from Wells and Coppersmith (1994) and sample \"All\".", "Recurrence": 0.0, "Recurren_1": null, "Recurren_2": null, "Recurren_3": "Unstated", "DLME": null, "DLMEError": null, "DLMESource": null, "DLMECommen": "Unknown", "RelatedEar": 0, "Extended_I": "EXTENDED_INFORMATION\\ES600-ES625.rar", "References": "Acosta J., Fontán A., Muñoz A., Muñoz-Martín, A., Rivera, J., and Uchupi, E. (2013). The morpho-tectonic setting of the Southeast margin of Iberia and the adjacent oceanic Algero-Balear Basin. Marine and Petroleum Geology, 45:17-41.\n\nBardají, T. (19", "StrengthOf": "C", "MaxMagni_4": "D", "SlipRateAc": "C", "Recurren_4": null, "Fault_Trac": "1", "Slip_Rate_": "3", "Activity_D": "3", "OrdenVisua": "185", "BaseDeDato": "QAFI_V.3" }, "geometry": { "type": "MultiLineString", "coordinates": [ [ [ -1.453081601840809, 37.603346098216726 ], [ -1.343921689597625, 37.56847945894576 ], [ -1.283219952103091, 37.559054996113886 ], [ -1.283003001427448, 37.559032607625433 ] ], [ [ -1.282312303328037, 37.558961330196226 ], [ -1.280851701765421, 37.558810601644097 ] ], [ [ -1.279781616716368, 37.558700172917867 ], [ -1.27934158622869, 37.558654763437282 ] ], [ [ -1.27493724769305, 37.558200252373119 ], [ -1.27357291745512, 37.558059458657269 ] ], [ [ -1.267636049845935, 37.557446796394132 ], [ -1.266322523039757, 37.557311245400122 ] ], [ [ -1.17210560707076, 37.546467607983743 ], [ -1.112362700317078, 37.53913857286372 ] ] ] } },
{ "type": "Feature", "properties": { "ID": "ES761", "FaultName": "Falla de Águilas", "SectionNam": null, "LocationX": -1.47692219, "LocationY": 37.43738815, "Geological": "Betics (Murcia)", "Identifica": "Geological and geomorphological field mapping", "NameOfComp": "Martín-Banda, R. and García-Mayordomo, J.", "Filiation": "IGME", "EmailCompi": "julian.garcia@igme.es", "Last_Updat": "2013-09-13", "AverageStr": "250", "StrikeErro": "± 20", "StrikeSour": "LD", "StrikeComm": "Compiler's measurement, based on the Records number 22, 139, 140 from the Neotectonic, Seismotectonic and Activity of Faults Map of the Región de Murcia (ITGE, 1993a,b), following the right-hand rule.", "Dip": "90", "DipError": "± 5", "DipSource": "LD", "DipComment": "Records numbers 22, 139 and 140 from the Neotectonic, Seismotectonic and Activity of Faults Map of the Región de Murcia (ITGE, 1993a,b).", "Rake": -45.0, "RakeError": null, "RakeSource": "LD", "RakeCommen": "Records numbers 22, 139 and 140 from the Neotectonic, Seismotectonic and Activity of Faults Map of the Región de Murcia (ITGE, 1993a,b).", "SenseOfMov": "NS", "SenseOfM_1": null, "SenseOfM_2": "LD", "SenseOfM_3": "Records numbers 22, 139 and 140 from the Neotectonic, Seismotectonic and Activity of Faults Map of the Región de Murcia (ITGE, 1993a,b).", "Length": 15.2, "LengthErro": "± 0.2", "LengthSour": "EJ", "LengthComm": "Observed on the Neotectonic, Seismotectonic and Activity of Faults Map of the Región de Murcia (ITGE, 1993a). Lenght is the sum of three distinct faults aligned in N60 direction.", "MinDepth": 0.0, "MinDepthEr": null, "MinDepthSo": "EJ", "MinDepthCo": "It outcrops at the surface (ITGE, 1993a).", "MaxDepth": 5.0, "MaxDepthEr": "5-8", "MaxDepthSo": "EJ", "MaxDepthCo": "8 km is the depth of the depth of the fragile-ductile transition in the Cartagena Crustal Block (García-Mayordomo, 2005). However, the  length of single faults suggests that is a secondary fault system fault, not likely to reach the F-D transition.", "Width": 5.0, "WidthError": null, "WidthSourc": "AR", "WidthComme": null, "Area": 76.0, "AreaError": null, "AreaSource": "AR", "AreaCommen": null, "AYDA": "130 Ky", "AYDAError": null, "AYDASource": "LD", "AYDACommet": "Record number 22 from the Neotectonic, Seismotectonic and Activity of Faults Map of the Región de Murcia (ITGE, 1993a,b).", "VerticalSl": 0.04, "Vertical_1": "0.04-0.09", "Vertical_2": "AR", "Vertical_3": "Record number 22 from the Neotectonic, Seismotectonic and Activity of Faults Map of the Región de Murcia (ITGE, 1993a,b).", "Horizontal": 0.04, "Horizont_1": "0.04-0.09", "Horizont_2": "AR", "Horizont_3": "Using NSR and Rake", "NetSlipRat": 0.057, "NetSlipR_1": "0.057-0.127", "NetSlipR_2": "AR", "NetSlipR_3": "Using VSR, Dip and Rake", "MaxSlipPer": 0.0, "MaxSlipP_1": null, "MaxSlipP_2": null, "MaxSlipP_3": "Unknown", "NumSeismic": null, "NumSeism_1": null, "NumSeism_2": null, "NumSeism_3": "Unknown", "EAC": null, "EACSource": null, "EACComment": "Unknown", "Geomorphic": "1) Scarp 2) Tilting 3) Overlaps 4) Topographic lineament 5) Hanging valleys", "Geomorph_1": "LD", "Geomorph_2": "Record number 22 from the Neotectonic, Seismotectonic and Activity of Faults Map of the Región de Murcia (ITGE, 1993a,b).", "MaxMagnitu": 0.0, "MaxMagni_1": null, "MaxMagni_2": null, "MaxMagni_3": "Unstated", "Recurrence": 0.0, "Recurren_1": null, "Recurren_2": null, "Recurren_3": "Unstated", "DLME": null, "DLMEError": null, "DLMESource": null, "DLMECommen": "Unknown", "RelatedEar": 0, "Extended_I": "EXTENDED INFORMATION\\", "References": "Garcia-Mayordomo, J. (2005). Caracterización y Análisis de la Peligrosidad Sísmica en el Sureste de España. Tesis Doctoral, Universidad Complutense de Madrid, 373 pp.\n\nITGE (1993a): Mapa Neotectónico, Sismotectónico y de Actividad de Fallas de la R", "StrengthOf": "C", "MaxMagni_4": null, "SlipRateAc": "C", "Recurren_4": null, "Fault_Trac": "1", "Slip_Rate_": "3", "Activity_D": "3", "OrdenVisua": "170", "BaseDeDato": "QAFI_V.3" }, "geometry": { "type": "MultiLineString", "coordinates": [ [ [ -1.631138651119605, 37.377853277446256 ], [ -1.629139404900863, 37.380035416631905 ], [ -1.625945098696864, 37.384368840352622 ], [ -1.622547034031885, 37.386463364136112 ], [ -1.620132904513655, 37.388898859945691 ], [ -1.616290153217599, 37.390916534602951 ], [ -1.591585375565684, 37.406437906439216 ] ], [ [ -1.58459343290722, 37.401233838236841 ], [ -1.573842997914228, 37.403149464842038 ] ], [ [ -1.566120675107572, 37.404525510279456 ], [ -1.565997652137066, 37.404547431818024 ] ], [ [ -1.565310770234971, 37.404669827725463 ], [ -1.563733811463922, 37.404950826976105 ], [ -1.559415233526289, 37.406056287513167 ] ], [ [ -1.547887264025157, 37.409007193005657 ], [ -1.547728744971895, 37.409047770380958 ], [ -1.546034046638118, 37.409646605184669 ] ], [ [ -1.535512371600905, 37.428488644847064 ], [ -1.526533154530267, 37.429863534184229 ], [ -1.516996025431679, 37.432494858237185 ], [ -1.491939908899443, 37.434928385552745 ], [ -1.483954733594282, 37.436236285099156 ] ] ] } },
{ "type": "Feature", "properties": { "ID": "ES756", "FaultName": "La Galera", "SectionNam": null, "LocationX": -1.56633812, "LocationY": 37.50371048, "Geological": "Betics (Murcia)", "Identifica": "Geological and geomorphological field mapping", "NameOfComp": "Martín-Banda, R. and García-Mayordomo, J.", "Filiation": "IGME", "EmailCompi": "julian.garcia@igme.es", "Last_Updat": "2013-09-13", "AverageStr": "102", "StrikeErro": "± 2", "StrikeSour": "LD", "StrikeComm": "Compiler's measurement, based on the Record number 141 from the Neotectonic, Seismotectonic and Activity of Faults Map of the Región de Murcia (ITGE, 1993a,b), following the right-hand rule.", "Dip": "80", "DipError": "± 10", "DipSource": "LD", "DipComment": "Record number 141 from the Neotectonic, Seismotectonic and Activity of Faults Map of the Región de Murcia (ITGE, 1993a,b).", "Rake": -135.0, "RakeError": null, "RakeSource": "LD", "RakeCommen": "Record number 141 from the Neotectonic, Seismotectonic and Activity of Faults Map of the Región de Murcia (ITGE, 1993a,b).", "SenseOfMov": "DN", "SenseOfM_1": null, "SenseOfM_2": "LD", "SenseOfM_3": "Record number 141 from the Neotectonic, Seismotectonic and Activity of Faults Map of the Región de Murcia (ITGE, 1993a,b).", "Length": 9.0, "LengthErro": "± 0.2", "LengthSour": "EJ", "LengthComm": "Observed on the Neotectonic, Seismotectonic and Activity of Faults Map of the Región de Murcia (ITGE, 1993a).", "MinDepth": 0.0, "MinDepthEr": null, "MinDepthSo": "EJ", "MinDepthCo": "It outcrops at the surface (ITGE, 1993a).", "MaxDepth": 8.0, "MaxDepthEr": null, "MaxDepthSo": "EJ", "MaxDepthCo": "8 km is the depth of the fragile-ductile transition in the Cartagena Crustal Block (García-Mayordomo, 2005).", "Width": 8.1234128973700006, "WidthError": null, "WidthSourc": "AR", "WidthComme": null, "Area": 73.110716076299994, "AreaError": null, "AreaSource": "AR", "AreaCommen": null, "AYDA": "130 ky", "AYDAError": null, "AYDASource": "LD", "AYDACommet": "Record number 141 from the Neotectonic, Seismotectonic and Activity of Faults Map of the Región de Murcia (ITGE, 1993a,b).", "VerticalSl": 0.05, "Vertical_1": "0.05-0.09", "Vertical_2": "LD", "Vertical_3": "The Neotectonic, Seismotectonic and Activity of Faults Map of the Región de Murcia (ITGE, 1993a).", "Horizontal": 0.051, "Horizont_1": "0.051-0.091", "Horizont_2": "AR", "Horizont_3": "Using NSR and Rake", "NetSlipRat": 0.072, "NetSlipR_1": "0.072-0.129", "NetSlipR_2": "AR", "NetSlipR_3": "Using VSR, Rake and Dip", "MaxSlipPer": 0.0, "MaxSlipP_1": null, "MaxSlipP_2": null, "MaxSlipP_3": "Unknown", "NumSeismic": null, "NumSeism_1": null, "NumSeism_2": null, "NumSeism_3": "Unknown", "EAC": null, "EACSource": null, "EACComment": "Unknown", "Geomorphic": "1) It controls the direction of the Quaternary delta fans 2) Topographic lineament 3) Tilting 4) Overlaps 5) Abrupt changes in the profile of the hydrographic network", "Geomorph_1": "LD", "Geomorph_2": "Record number 141 from the Neotectonic, Seismotectonic and Activity of Faults Map of the Región de Murcia (ITGE, 1993a,b).", "MaxMagnitu": 0.0, "MaxMagni_1": null, "MaxMagni_2": null, "MaxMagni_3": "Unstated", "Recurrence": 0.0, "Recurren_1": null, "Recurren_2": null, "Recurren_3": "Unstated", "DLME": null, "DLMEError": null, "DLMESource": null, "DLMECommen": "Unknown", "RelatedEar": 0, "Extended_I": "EXTENDED INFORMATION\\", "References": "Garcia-Mayordomo, J. (2005). Caracterización y Análisis de la Peligrosidad Sísmica en el Sureste de España. Tesis Doctoral, Universidad Complutense de Madrid, 373 pp.\n\nITGE (1993a): Mapa Neotectónico, Sismotectónico y de Actividad de Fallas de la R", "StrengthOf": "C", "MaxMagni_4": null, "SlipRateAc": "C", "Recurren_4": null, "Fault_Trac": "1", "Slip_Rate_": "3", "Activity_D": "2", "OrdenVisua": "165", "BaseDeDato": "QAFI_V.3" }, "geometry": { "type": "MultiLineString", "coordinates": [ [ [ -1.566338118143277, 37.503710485839612 ], [ -1.561618313464781, 37.502503635002981 ], [ -1.553734039931228, 37.500979858961585 ], [ -1.54614634229372, 37.499578167337546 ], [ -1.541229298836634, 37.498625032054953 ], [ -1.53432907768251, 37.496897172082349 ], [ -1.530880553344838, 37.495958455389896 ], [ -1.527336977335795, 37.495093109483257 ], [ -1.518471773675766, 37.493265155206075 ], [ -1.512503390477601, 37.49184633496008 ], [ -1.487851311962347, 37.487725860051789 ], [ -1.467338325009233, 37.482907480509347 ] ] ] } },
{ "type": "Feature", "properties": { "ID": "ES746", "FaultName": "Garrovilla", "SectionNam": null, "LocationX": -1.5005201, "LocationY": 37.45352314, "Geological": "Betics (Murcia)", "Identifica": "Geological and geomorphological field mapping", "NameOfComp": "Martín-Banda, R. and García-Mayordomo, J.", "Filiation": "IGME", "EmailCompi": "julian.garcia@igme.es", "Last_Updat": "2013-09-18", "AverageStr": "020", "StrikeErro": "± 5", "StrikeSour": "LD", "StrikeComm": "Compiler's measurement, based on the Record number 120 from the Neotectonic, Seismotectonic and Activity of Faults Map of the Región de Murcia (ITGE, 1993a,b), following the right-hand rule.", "Dip": "90", "DipError": null, "DipSource": "EJ", "DipComment": "García-Mayordomo (2005).", "Rake": -90.0, "RakeError": null, "RakeSource": "LD", "RakeCommen": "Record number 120 from the Neotectonic, Seismotectonic and Activity of Faults Map of the Región de Murcia (ITGE, 1993a,b).", "SenseOfMov": "N", "SenseOfM_1": null, "SenseOfM_2": "LD", "SenseOfM_3": "Record number 120 from the Neotectonic, Seismotectonic and Activity of Faults Map of the Región de Murcia (ITGE, 1993a,b).", "Length": 4.04, "LengthErro": "± 0.2", "LengthSour": "EJ", "LengthComm": "Observed on the Neotectonic, Seismotectonic and Activity of Faults Map of the Región de Murcia (ITGE, 1993a).", "MinDepth": 0.0, "MinDepthEr": null, "MinDepthSo": "EJ", "MinDepthCo": "It outcrops at the surface (ITGE, 1993a).", "MaxDepth": 5.0, "MaxDepthEr": "5-8", "MaxDepthSo": "EJ", "MaxDepthCo": "8 km is the depth of the depth of the fragile-ductile transition in the Cartagena Crustal Block (García-Mayordomo, 2005). However, the short length of the fault suggests that is a secondary fault, not likely to reach the F-D transition.", "Width": 5.0, "WidthError": null, "WidthSourc": "AR", "WidthComme": null, "Area": 20.2, "AreaError": null, "AreaSource": "AR", "AreaCommen": null, "AYDA": "Upper Pleistocene", "AYDAError": null, "AYDASource": "LD", "AYDACommet": "Record number 120 from the Neotectonic, Seismotectonic and Activity of Faults Map of the Región de Murcia (ITGE, 1993a,b).", "VerticalSl": 0.05, "Vertical_1": "0.05-0.09", "Vertical_2": "LD", "Vertical_3": "The Neotectonic, Seismotectonic and Activity of Faults Map of the Región de Murcia (ITGE, 1993a).", "Horizontal": 0.0, "Horizont_1": null, "Horizont_2": "EJ", "Horizont_3": "Assuming pure normal slip", "NetSlipRat": 0.05, "NetSlipR_1": "0.05-0.09", "NetSlipR_2": "AR", "NetSlipR_3": "Using VSR, Dip and Rake", "MaxSlipPer": 0.0, "MaxSlipP_1": null, "MaxSlipP_2": null, "MaxSlipP_3": "Unknown", "NumSeismic": null, "NumSeism_1": null, "NumSeism_2": null, "NumSeism_3": "Unknown", "EAC": null, "EACSource": null, "EACComment": "Unknown", "Geomorphic": "1) Tilting 2) Topographic lineament 3) Controls on the Quaternary outcrops 4) Inflections of the river network", "Geomorph_1": "LD", "Geomorph_2": "Record number 120 from the Neotectonic, Seismotectonic and Activity of Faults Map of the Región de Murcia (ITGE, 1993a,b).", "MaxMagnitu": 0.0, "MaxMagni_1": null, "MaxMagni_2": null, "MaxMagni_3": "Unstated", "Recurrence": 0.0, "Recurren_1": null, "Recurren_2": null, "Recurren_3": "Unstated", "DLME": null, "DLMEError": null, "DLMESource": null, "DLMECommen": "Unknown", "RelatedEar": 0, "Extended_I": "EXTENDED INFORMATION\\", "References": "Garcia-Mayordomo, J. (2005). Caracterización y Análisis de la Peligrosidad Sísmica en el Sureste de España. Tesis Doctoral, Universidad Complutense de Madrid, 373 pp.\n\nITGE (1993a): Mapa Neotectónico, Sismotectónico y de Actividad de Fallas de la R", "StrengthOf": "C", "MaxMagni_4": null, "SlipRateAc": "C", "Recurren_4": null, "Fault_Trac": "1", "Slip_Rate_": "3", "Activity_D": "2", "OrdenVisua": "155", "BaseDeDato": "QAFI_V.3" }, "geometry": { "type": "MultiLineString", "coordinates": [ [ [ -1.487263290623491, 37.487181251942609 ], [ -1.493999890977326, 37.46921731116538 ], [ -1.496321995091371, 37.462160568304675 ], [ -1.500520094035323, 37.453523136920424 ] ] ] } },
{ "type": "Feature", "properties": { "ID": "ES762", "FaultName": "Ramonete", "SectionNam": null, "LocationX": -1.42947224, "LocationY": 37.54206164, "Geological": "Betics (Murcia)", "Identifica": "Geological, geomorphological field mapping and geophysics", "NameOfComp": "Martín-Banda, R. and García-Mayordomo, J.", "Filiation": "IGME", "EmailCompi": "julian.garcia@igme.es", "Last_Updat": "2013-09-13", "AverageStr": "100", "StrikeErro": "± 5", "StrikeSour": "LD", "StrikeComm": "Compiler's measurement, based on the Record number 24 from the Neotectonic, Seismotectonic and Activity of Faults Map of the Región de Murcia (ITGE, 1993a,b), following the right-hand rule.", "Dip": "80", "DipError": "± 10", "DipSource": "LD", "DipComment": "Record number 24 from the Neotectonic, Seismotectonic and Activity of Faults Map of the Región de Murcia (ITGE, 1993a,b).", "Rake": -135.0, "RakeError": null, "RakeSource": "LD", "RakeCommen": "Record number 24 from the Neotectonic, Seismotectonic and Activity of Faults Map of the Región de Murcia (ITGE, 1993a,b).", "SenseOfMov": "DN", "SenseOfM_1": null, "SenseOfM_2": "LD", "SenseOfM_3": "Record number 24 from the Neotectonic, Seismotectonic and Activity of Faults Map of the Región de Murcia (ITGE, 1993a,b).", "Length": 5.0, "LengthErro": "± 0.05", "LengthSour": "EJ", "LengthComm": "Observed on the Neotectonic, Seismotectonic and Activity of Faults Map of the Región de Murcia (ITGE, 1993a). 5 km is the length onshore, fault may extend further offshore.", "MinDepth": 0.0, "MinDepthEr": null, "MinDepthSo": "EJ", "MinDepthCo": "It outcrops at the surface (ITGE, 1993a).", "MaxDepth": 5.0, "MaxDepthEr": "5-8", "MaxDepthSo": "EJ", "MaxDepthCo": "8 km is the depth of the depth of the fragile-ductile transition in the Cartagena Crustal Block (García-Mayordomo, 2005). However, the short length of the fault may suggest that is a secondary fault, not likely to reach the F-D transition.", "Width": 5.0771330608599996, "WidthError": null, "WidthSourc": "AR", "WidthComme": null, "Area": 25.385665304300002, "AreaError": null, "AreaSource": "AR", "AreaCommen": null, "AYDA": "Middle Pleistocene", "AYDAError": null, "AYDASource": "LD", "AYDACommet": "Record number 24 from the Neotectonic, Seismotectonic and Activity of Faults Map of the Región de Murcia (ITGE, 1993a,b).", "VerticalSl": 0.0, "Vertical_1": null, "Vertical_2": null, "Vertical_3": "Unknown", "Horizontal": 0.0, "Horizont_1": null, "Horizont_2": null, "Horizont_3": "Unknown", "NetSlipRat": 0.0, "NetSlipR_1": null, "NetSlipR_2": null, "NetSlipR_3": "Unknown", "MaxSlipPer": 0.0, "MaxSlipP_1": null, "MaxSlipP_2": null, "MaxSlipP_3": "Unknown", "NumSeismic": null, "NumSeism_1": null, "NumSeism_2": null, "NumSeism_3": "Unknown", "EAC": null, "EACSource": null, "EACComment": "Unknown", "Geomorphic": "1) Deforms Rambla de Ramonete delta fans 2) Topographic lineament 3) Scarp 4) Drainage pattern", "Geomorph_1": "LD", "Geomorph_2": "Record number 24 from the Neotectonic, Seismotectonic and Activity of Faults Map of the Región de Murcia (ITGE, 1993a,b).", "MaxMagnitu": 0.0, "MaxMagni_1": null, "MaxMagni_2": null, "MaxMagni_3": "Unstated", "Recurrence": 0.0, "Recurren_1": null, "Recurren_2": null, "Recurren_3": "Unstated", "DLME": null, "DLMEError": null, "DLMESource": null, "DLMECommen": "Unknown", "RelatedEar": 0, "Extended_I": "EXTENDED INFORMATION\\", "References": "Garcia-Mayordomo, J. (2005). Caracterización y Análisis de la Peligrosidad Sísmica en el Sureste de España. Tesis Doctoral, Universidad Complutense de Madrid, 373 pp.\n\nITGE (1993a): Mapa Neotectónico, Sismotectónico y de Actividad de Fallas de la R", "StrengthOf": "B", "MaxMagni_4": null, "SlipRateAc": "Not rated", "Recurren_4": null, "Fault_Trac": "1", "Slip_Rate_": "0", "Activity_D": "3", "OrdenVisua": "171", "BaseDeDato": "QAFI_V.3" }, "geometry": { "type": "MultiLineString", "coordinates": [ [ [ -1.429472241755783, 37.542061637837307 ], [ -1.419036419619235, 37.540719754543339 ], [ -1.39937794599921, 37.536847091418018 ], [ -1.385269643464562, 37.535795982782318 ], [ -1.373636394378504, 37.535035008663506 ] ] ] } },
{ "type": "Feature", "properties": { "ID": "ES763", "FaultName": "Bolnuevo", "SectionNam": null, "LocationX": -1.34330797, "LocationY": 37.56056217, "Geological": "Betics (Murcia)", "Identifica": "Geological field mapping", "NameOfComp": "Martín-Banda, R. and García-Mayordomo, J.", "Filiation": "IGME", "EmailCompi": "julian.garcia@igme.es", "Last_Updat": "2013-09-13", "AverageStr": "260", "StrikeErro": "± 10", "StrikeSour": "LD", "StrikeComm": "Compiler's measurement, based on the Record number 29 from the Neotectonic, Seismotectonic and Activity of Faults Map of the Región de Murcia (ITGE, 1993a,b), following the right-hand rule.", "Dip": "30", "DipError": "± 2", "DipSource": "LD", "DipComment": "Record number 29 from the Neotectonic, Seismotectonic and Activity of Faults Map of the Región de Murcia (ITGE, 1993a,b).", "Rake": -90.0, "RakeError": null, "RakeSource": "LD", "RakeCommen": "Record number 29 from the Neotectonic, Seismotectonic and Activity of Faults Map of the Región de Murcia (ITGE, 1993a,b).", "SenseOfMov": "N", "SenseOfM_1": null, "SenseOfM_2": "LD", "SenseOfM_3": "Record number 29 from the Neotectonic, Seismotectonic and Activity of Faults Map of the Región de Murcia (ITGE, 1993a,b).", "Length": 12.2, "LengthErro": "± 0.2", "LengthSour": "EJ", "LengthComm": "Observed on the Neotectonic, Seismotectonic and Activity of Faults Map of the Región de Murcia (ITGE, 1993a). 10 km is the length onshore, fault may extend further offshore.", "MinDepth": 0.0, "MinDepthEr": null, "MinDepthSo": "EJ", "MinDepthCo": "It outcrops at the surface (ITGE, 1993a).", "MaxDepth": 8.0, "MaxDepthEr": null, "MaxDepthSo": "EJ", "MaxDepthCo": "8 km is the depth of the depth of the fragile-ductile transition in the Cartagena Crustal Block (García-Mayordomo, 2005).", "Width": 16.000000016600001, "WidthError": null, "WidthSourc": "AR", "WidthComme": null, "Area": 195.20000020200001, "AreaError": null, "AreaSource": "AR", "AreaCommen": null, "AYDA": "Upper Pleistocene", "AYDAError": null, "AYDASource": "LD", "AYDACommet": "Record number 29 from the Neotectonic, Seismotectonic and Activity of Faults Map of the Región de Murcia (ITGE, 1993a,b).", "VerticalSl": 0.0, "Vertical_1": null, "Vertical_2": null, "Vertical_3": "Unknown", "Horizontal": 0.0, "Horizont_1": null, "Horizont_2": null, "Horizont_3": "Unknown", "NetSlipRat": 0.0, "NetSlipR_1": null, "NetSlipR_2": null, "NetSlipR_3": "Unknown", "MaxSlipPer": 0.0, "MaxSlipP_1": null, "MaxSlipP_2": null, "MaxSlipP_3": "Unknown", "NumSeismic": null, "NumSeism_1": null, "NumSeism_2": null, "NumSeism_3": "Unknown", "EAC": null, "EACSource": null, "EACComment": "Unknown", "Geomorphic": "1) Scarp", "Geomorph_1": "LD", "Geomorph_2": "Record number 29 from the Neotectonic, Seismotectonic and Activity of Faults Map of the Región de Murcia (ITGE, 1993a,b).", "MaxMagnitu": 0.0, "MaxMagni_1": null, "MaxMagni_2": null, "MaxMagni_3": "Unstated", "Recurrence": 0.0, "Recurren_1": null, "Recurren_2": null, "Recurren_3": "Unstated", "DLME": null, "DLMEError": null, "DLMESource": null, "DLMECommen": "Unknown", "RelatedEar": 0, "Extended_I": "EXTENDED INFORMATION\\", "References": "Garcia-Mayordomo, J. (2005). Caracterización y Análisis de la Peligrosidad Sísmica en el Sureste de España. Tesis Doctoral, Universidad Complutense de Madrid, 373 pp.\n\nITGE (1993a): Mapa Neotectónico, Sismotectónico y de Actividad de Fallas de la R", "StrengthOf": "C", "MaxMagni_4": null, "SlipRateAc": "Not rated", "Recurren_4": null, "Fault_Trac": "1", "Slip_Rate_": "0", "Activity_D": "2", "OrdenVisua": "172", "BaseDeDato": "QAFI_V.3" }, "geometry": { "type": "MultiLineString", "coordinates": [ [ [ -1.428047812035916, 37.552995918440438 ], [ -1.405564523170456, 37.553941051514876 ], [ -1.376695300518518, 37.556338744068555 ], [ -1.351587457028811, 37.560187168114048 ], [ -1.33739797729016, 37.562165466903167 ], [ -1.320144619800146, 37.564059917205633 ] ] ] } },
{ "type": "Feature", "properties": { "ID": "ES764", "FaultName": "West of Pericay - Gigantes", "SectionNam": null, "LocationX": -1.97548288, "LocationY": 37.80221919, "Geological": "Betics (Murcia)", "Identifica": "Geological and geomorphological field mapping", "NameOfComp": "Martín-Banda, R. and García-Mayordomo, J.", "Filiation": "IGME", "EmailCompi": "julian.garcia@igme.es", "Last_Updat": "2013-09-17", "AverageStr": "202", "StrikeErro": "± 5", "StrikeSour": "LD", "StrikeComm": "Compiler's measurement, based on the Record number 40 from the Neotectonic, Seismotectonic and Activity of Faults Map of the Región de Murcia (ITGE, 1993a,b), following the right-hand rule.", "Dip": "85", "DipError": "± 5", "DipSource": "LD", "DipComment": "Record number 40 from the Neotectonic, Seismotectonic and Activity of Faults Map of the Región de Murcia (ITGE, 1993a,b).", "Rake": -90.0, "RakeError": null, "RakeSource": "LD", "RakeCommen": "Record number 40 from the Neotectonic, Seismotectonic and Activity of Faults Map of the Región de Murcia (ITGE, 1993a,b).", "SenseOfMov": "N", "SenseOfM_1": null, "SenseOfM_2": "LD", "SenseOfM_3": "Record number 40 from the Neotectonic, Seismotectonic and Activity of Faults Map of the Región de Murcia (ITGE, 1993a,b).", "Length": 3.8, "LengthErro": "± 0.2", "LengthSour": "EJ", "LengthComm": "Observed on the Neotectonic, Seismotectonic and Activity of Faults Map of the Región de Murcia (ITGE, 1993a).", "MinDepth": 0.0, "MinDepthEr": null, "MinDepthSo": "EJ", "MinDepthCo": "It outcrops at the surface (ITGE, 1993a).", "MaxDepth": 5.0, "MaxDepthEr": null, "MaxDepthSo": "EJ", "MaxDepthCo": "5 km is the estimated maximum depth of the main detachment level or thickness of the Mesozoic sedimentary cover (García-Mayordomo, 2005).", "Width": 5.0190991884600002, "WidthError": null, "WidthSourc": "AR", "WidthComme": null, "Area": 19.072576916199999, "AreaError": null, "AreaSource": "AR", "AreaCommen": null, "AYDA": "Quaternary", "AYDAError": "Upper Pleistocene", "AYDASource": "LD", "AYDACommet": "Observed on of the Neotectonic, Seismotectonic and Activity of Faults Map of the Región de Murcia (ITGE, 1993a).", "VerticalSl": 0.0, "Vertical_1": null, "Vertical_2": null, "Vertical_3": "Unknown", "Horizontal": 0.0, "Horizont_1": null, "Horizont_2": null, "Horizont_3": "Unknown", "NetSlipRat": 0.0, "NetSlipR_1": null, "NetSlipR_2": null, "NetSlipR_3": "Unknown", "MaxSlipPer": 0.0, "MaxSlipP_1": null, "MaxSlipP_2": null, "MaxSlipP_3": "Unknown", "NumSeismic": null, "NumSeism_1": null, "NumSeism_2": null, "NumSeism_3": "Unknown", "EAC": null, "EACSource": null, "EACComment": "Unknown", "Geomorphic": "1) Scarps 2) Tilting", "Geomorph_1": "LD", "Geomorph_2": "Record number 40 from the Neotectonic, Seismotectonic and Activity of Faults Map of the Región de Murcia (ITGE, 1993a,b).", "MaxMagnitu": 0.0, "MaxMagni_1": null, "MaxMagni_2": null, "MaxMagni_3": "Unstated", "Recurrence": 0.0, "Recurren_1": null, "Recurren_2": null, "Recurren_3": "Unstated", "DLME": null, "DLMEError": null, "DLMESource": null, "DLMECommen": "Unknown", "RelatedEar": -1, "Extended_I": "EXTENDED INFORMATION\\", "References": "Garcia-Mayordomo, J. (2005). Caracterización y Análisis de la Peligrosidad Sísmica en el Sureste de España. Tesis Doctoral, Universidad Complutense de Madrid, 373 pp.\n\nITGE (1993a): Mapa Neotectónico, Sismotectónico y de Actividad de Fallas de la R", "StrengthOf": "C", "MaxMagni_4": null, "SlipRateAc": "Not rated", "Recurren_4": null, "Fault_Trac": "1", "Slip_Rate_": "0", "Activity_D": "3", "OrdenVisua": "173", "BaseDeDato": "QAFI_V.3" }, "geometry": { "type": "MultiLineString", "coordinates": [ [ [ -1.975482884197692, 37.802219187320951 ], [ -1.99174148035817, 37.771666513960916 ] ] ] } },
{ "type": "Feature", "properties": { "ID": "ES773", "FaultName": "La Encarnación", "SectionNam": null, "LocationX": -1.8922986, "LocationY": 38.03335594, "Geological": "Betics (Murcia)", "Identifica": "Geomorphological field mapping", "NameOfComp": "Martín-Banda, R. and García-Mayordomo, J.", "Filiation": "IGME", "EmailCompi": "julian.garcia@igme.es", "Last_Updat": "2013-08-23", "AverageStr": "150", "StrikeErro": "± 5", "StrikeSour": "LD", "StrikeComm": "Compiler's measurement, based on the Record number 54 from the Neotectonic, Seismotectonic and Activity of Faults Map of the Región de Murcia (ITGE, 1993a,b), following the right-hand rule.", "Dip": "60", "DipError": "± 2", "DipSource": "LD", "DipComment": "Record number 54 from the Neotectonic, Seismotectonic and Activity of Faults Map of the Región de Murcia (ITGE, 1993a,b).", "Rake": -90.0, "RakeError": null, "RakeSource": "LD", "RakeCommen": "Record number 54 from the Neotectonic, Seismotectonic and Activity of Faults Map of the Región de Murcia (ITGE, 1993a,b).", "SenseOfMov": "N", "SenseOfM_1": null, "SenseOfM_2": "LD", "SenseOfM_3": "Record number 54 from the Neotectonic, Seismotectonic and Activity of Faults Map of the Región de Murcia (ITGE, 1993a,b).", "Length": 6.7, "LengthErro": "± 0.2", "LengthSour": "EJ", "LengthComm": "Observed on the Neotectonic, Seismotectonic and Activity of Faults Map of the Región de Murcia (ITGE, 1993a).", "MinDepth": 0.0, "MinDepthEr": null, "MinDepthSo": "EJ", "MinDepthCo": "It outcrops at the surface (ITGE, 1993a).", "MaxDepth": 5.0, "MaxDepthEr": "5-11", "MaxDepthSo": "EJ", "MaxDepthCo": "5 km is the estimated maximum depth of the main detachment level or thickness of the Mesozoic sedimentary cover. 11 km is the depth of the fragile-ductile transition in the Prebetic Crustal Block (García-Mayordomo, 2005).", "Width": 5.7735026958800004, "WidthError": null, "WidthSourc": "AR", "WidthComme": null, "Area": 38.682468062399998, "AreaError": null, "AreaSource": "AR", "AreaCommen": null, "AYDA": "Quaternary", "AYDAError": "Early Pleistocene", "AYDASource": "LD", "AYDACommet": "Record number 54 from the Neotectonic, Seismotectonic and Activity of Faults Map of the Región de Murcia (ITGE, 1993a,b). Early Pleistocene deduced from the local geology.", "VerticalSl": 0.0, "Vertical_1": null, "Vertical_2": null, "Vertical_3": "Unknown", "Horizontal": 0.0, "Horizont_1": null, "Horizont_2": null, "Horizont_3": "Unknown", "NetSlipRat": 0.0, "NetSlipR_1": null, "NetSlipR_2": null, "NetSlipR_3": "Unknown", "MaxSlipPer": 0.0, "MaxSlipP_1": null, "MaxSlipP_2": null, "MaxSlipP_3": "Unknown", "NumSeismic": null, "NumSeism_1": null, "NumSeism_2": null, "NumSeism_3": "Unknown", "EAC": null, "EACSource": null, "EACComment": "Unknown", "Geomorphic": "1) Fault scarps", "Geomorph_1": "LD", "Geomorph_2": "Record number 54 from the Neotectonic, Seismotectonic and Activity of Faults Map of the Región de Murcia (ITGE, 1993a,b).", "MaxMagnitu": 0.0, "MaxMagni_1": null, "MaxMagni_2": null, "MaxMagni_3": "Unstated", "Recurrence": 0.0, "Recurren_1": null, "Recurren_2": null, "Recurren_3": "Unstated", "DLME": null, "DLMEError": null, "DLMESource": null, "DLMECommen": "Unknown", "RelatedEar": -1, "Extended_I": "EXTENDED INFORMATION\\", "References": "Garcia-Mayordomo, J. (2005). Caracterización y Análisis de la Peligrosidad Sísmica en el Sureste de España. Tesis Doctoral, Universidad Complutense de Madrid, 373 pp.\n\nITGE (1993a): Mapa Neotectónico, Sismotectónico y de Actividad de Fallas de la R", "StrengthOf": "C", "MaxMagni_4": null, "SlipRateAc": "Not rated", "Recurren_4": null, "Fault_Trac": "1", "Slip_Rate_": "0", "Activity_D": "3", "OrdenVisua": "182", "BaseDeDato": "QAFI_V.3" }, "geometry": { "type": "MultiLineString", "coordinates": [ [ [ -1.852288480509853, 37.984368035789068 ], [ -1.852922811627447, 37.98875355114555 ], [ -1.853909589595405, 37.993072982753276 ], [ -1.862351010210013, 38.00385995652357 ], [ -1.871115999768102, 38.010895729233795 ], [ -1.876724150344716, 38.0176226816397 ], [ -1.882877377087729, 38.023242339883332 ], [ -1.892298594805512, 38.033355937049784 ] ], [ [ -1.871204911473661, 38.010827069878438 ], [ -1.87032781717339, 37.999279485911337 ], [ -1.866301268302044, 37.986936911769426 ] ] ] } },
{ "type": "Feature", "properties": { "ID": "ES772", "FaultName": "Loma de Yeguas - Cañada Lengua", "SectionNam": null, "LocationX": -1.86814322, "LocationY": 38.06491922, "Geological": "Betics (Murcia)", "Identifica": "Geomorphological field mapping and geophysical methods", "NameOfComp": "Martín-Banda, R. and García-Mayordomo, J.", "Filiation": "IGME", "EmailCompi": "julian.garcia@igme.es", "Last_Updat": "2013-08-23", "AverageStr": "215", "StrikeErro": "± 5", "StrikeSour": "LD", "StrikeComm": "Compiler's measurement, based on the Record number 52 from the Neotectonic, Seismotectonic and Activity of Faults Map of the Región de Murcia (ITGE, 1993a,b), following the right-hand rule.", "Dip": "85", "DipError": "± 5", "DipSource": "EJ", "DipComment": "García-Mayordomo (2005).", "Rake": -135.0, "RakeError": null, "RakeSource": "LD", "RakeCommen": "Record number 52 from the Neotectonic, Seismotectonic and Activity of Faults Map of the Región de Murcia (ITGE, 1993a,b).", "SenseOfMov": "DN", "SenseOfM_1": null, "SenseOfM_2": "LD", "SenseOfM_3": "Record number 52 from the Neotectonic, Seismotectonic and Activity of Faults Map of the Región de Murcia (ITGE, 1993a,b).", "Length": 17.45, "LengthErro": "± 0.5", "LengthSour": "EJ", "LengthComm": "Observed on the Neotectonic, Seismotectonic and Activity of Faults Map of the Región de Murcia (ITGE, 1993a). This fault may belong to the Crevillente Shear Zone (Sector Murcia).", "MinDepth": 0.0, "MinDepthEr": null, "MinDepthSo": "EJ", "MinDepthCo": "Fault scarps are observed on the DEMs.", "MaxDepth": 11.0, "MaxDepthEr": "11-15", "MaxDepthSo": "EJ", "MaxDepthCo": "This fault may belong to the Crevillente Shear Zone (Sector Murcia). Maximum depth is the estimation for the Crevillente Fault (see Table 4.21 in García-Mayordomo, 2005). 11 km is the depth of the F-D transition in the Prebetic Crustal Block.", "Width": 11.042018214600001, "WidthError": null, "WidthSourc": "AR", "WidthComme": null, "Area": 192.683217845, "AreaError": null, "AreaSource": "AR", "AreaCommen": null, "AYDA": "Quaternay", "AYDAError": "Middle Pleistocene", "AYDASource": "LD", "AYDACommet": "Record number 52 from the Neotectonic, Seismotectonic and Activity of Faults Map of the Región de Murcia (ITGE, 1993a,b). Middle Pleistocene deduced from the Geological Map of Spain scale 1:50000.", "VerticalSl": 0.0, "Vertical_1": null, "Vertical_2": null, "Vertical_3": "Unknown", "Horizontal": 0.0, "Horizont_1": null, "Horizont_2": null, "Horizont_3": "Unknown", "NetSlipRat": 0.0, "NetSlipR_1": null, "NetSlipR_2": null, "NetSlipR_3": "Unknown", "MaxSlipPer": 0.0, "MaxSlipP_1": null, "MaxSlipP_2": null, "MaxSlipP_3": "Unknown", "NumSeismic": null, "NumSeism_1": null, "NumSeism_2": null, "NumSeism_3": "Unknown", "EAC": null, "EACSource": null, "EACComment": "Unknown", "Geomorphic": "1) Fault scarps 2) Tilting slopes 3) Dissection of the hydrographic network", "Geomorph_1": "LD", "Geomorph_2": "Record number 52 from the Neotectonic, Seismotectonic and Activity of Faults Map of the Región de Murcia (ITGE, 1993a,b).", "MaxMagnitu": 0.0, "MaxMagni_1": null, "MaxMagni_2": null, "MaxMagni_3": "Unstated", "Recurrence": 0.0, "Recurren_1": null, "Recurren_2": null, "Recurren_3": "Unstated", "DLME": null, "DLMEError": null, "DLMESource": null, "DLMECommen": "Unknown", "RelatedEar": -1, "Extended_I": "EXTENDED INFORMATION\\", "References": "Garcia-Mayordomo, J. (2005). Caracterización y Análisis de la Peligrosidad Sísmica en el Sureste de España. Tesis Doctoral, Universidad Complutense de Madrid, 373 pp.\n\nITGE (1993a): Mapa Neotectónico, Sismotectónico y de Actividad de Fallas de la R", "StrengthOf": "C", "MaxMagni_4": null, "SlipRateAc": "Not rated", "Recurren_4": null, "Fault_Trac": "1", "Slip_Rate_": "0", "Activity_D": "3", "OrdenVisua": "181", "BaseDeDato": "QAFI_V.3" }, "geometry": { "type": "MultiLineString", "coordinates": [ [ [ -1.983267385533791, 37.940107479600634 ], [ -1.972386188896099, 37.950464820598249 ], [ -1.965591026602597, 37.956428372585847 ], [ -1.955624971134715, 37.96502065526014 ], [ -1.941532264313441, 37.980306669208879 ], [ -1.936997918246424, 37.984340198477959 ], [ -1.932249541316171, 37.987663009810149 ], [ -1.929064834257731, 37.991177023288188 ], [ -1.926546122326545, 37.995051324505162 ], [ -1.891038422558775, 38.034790562901257 ], [ -1.879438367184655, 38.047815220136954 ], [ -1.868143226108317, 38.064919222707374 ] ] ] } },
{ "type": "Feature", "properties": { "ID": "ES767", "FaultName": "El Sabinar", "SectionNam": null, "LocationX": -2.15150008, "LocationY": 38.20798884, "Geological": "Betics (Murcia)", "Identifica": "Geological and geomorphological field mapping", "NameOfComp": "Martín-Banda, R. and García-Mayordomo, J.", "Filiation": "IGME", "EmailCompi": "julian.garcia@igme.es", "Last_Updat": "2013-09-17", "AverageStr": "205", "StrikeErro": "± 5", "StrikeSour": "LD", "StrikeComm": "Compiler's measurement, based on the Record number 43 from the Neotectonic, Seismotectonic and Activity of Faults Map of the Región de Murcia (ITGE, 1993a,b), following the right-hand rule.", "Dip": "85", "DipError": "± 5", "DipSource": "EJ", "DipComment": "Variable dips both west and east, according to the section of the fault. Mainly it been considered that dips westward (Record number 43 from the Neotectonic, Seismotectonic and Activity of Faults Map of the Región de Murcia (ITGE, 1993a,b)).", "Rake": -90.0, "RakeError": null, "RakeSource": "LD", "RakeCommen": "Record number 43 from the Neotectonic, Seismotectonic and Activity of Faults Map of the Región de Murcia (ITGE, 1993a,b).", "SenseOfMov": "N", "SenseOfM_1": null, "SenseOfM_2": "LD", "SenseOfM_3": "Record number 43 from the Neotectonic, Seismotectonic and Activity of Faults Map of the Región de Murcia (ITGE, 1993a,b).", "Length": 5.7, "LengthErro": "± 0.2", "LengthSour": "LD", "LengthComm": "Observed on the Neotectonic, Seismotectonic and Activity of Faults Map of the Región de Murcia (ITGE, 1993a).", "MinDepth": 0.0, "MinDepthEr": null, "MinDepthSo": "EJ", "MinDepthCo": "It outcrops at the surface (ITGE, 1993a).", "MaxDepth": 5.0, "MaxDepthEr": null, "MaxDepthSo": "EJ", "MaxDepthCo": "5 km is the estimated maximum depth of the main detachment level or thickness of the Mesozoic sedimentary cover (García-Mayordomo, 2005).", "Width": 5.0190991884600002, "WidthError": null, "WidthSourc": "AR", "WidthComme": null, "Area": 28.608865374200001, "AreaError": null, "AreaSource": "AR", "AreaCommen": null, "AYDA": "Quaternary", "AYDAError": "Holocene", "AYDASource": "LD", "AYDACommet": "Observed on the Neotectonic, Seismotectonic and Activity of Faults Map of the Región de Murcia (ITGE, 1993a).", "VerticalSl": 0.0, "Vertical_1": null, "Vertical_2": null, "Vertical_3": "Unknown", "Horizontal": 0.0, "Horizont_1": null, "Horizont_2": null, "Horizont_3": "Unknown", "NetSlipRat": 0.0, "NetSlipR_1": null, "NetSlipR_2": null, "NetSlipR_3": "Unknown", "MaxSlipPer": 0.0, "MaxSlipP_1": null, "MaxSlipP_2": null, "MaxSlipP_3": "Unknown", "NumSeismic": null, "NumSeism_1": null, "NumSeism_2": null, "NumSeism_3": "Unknown", "EAC": null, "EACSource": null, "EACComment": "Unknown", "Geomorphic": "1) Scarps 2) Subsiding area", "Geomorph_1": "LD", "Geomorph_2": "Record number 43 from the Neotectonic, Seismotectonic and Activity of Faults Map of the Región de Murcia (ITGE, 1993a,b).", "MaxMagnitu": 0.0, "MaxMagni_1": null, "MaxMagni_2": null, "MaxMagni_3": "Unstated", "Recurrence": 0.0, "Recurren_1": null, "Recurren_2": null, "Recurren_3": "Unstated", "DLME": null, "DLMEError": null, "DLMESource": null, "DLMECommen": "Unknown", "RelatedEar": 0, "Extended_I": "EXTENDED INFORMATION\\", "References": "Garcia-Mayordomo, J. (2005). Caracterización y Análisis de la Peligrosidad Sísmica en el Sureste de España. Tesis Doctoral, Universidad Complutense de Madrid, 373 pp.\n\nITGE (1993a): Mapa Neotectónico, Sismotectónico y de Actividad de Fallas de la R", "StrengthOf": "C", "MaxMagni_4": null, "SlipRateAc": "Not rated", "Recurren_4": null, "Fault_Trac": "1", "Slip_Rate_": "0", "Activity_D": "3", "OrdenVisua": "176", "BaseDeDato": "QAFI_V.3" }, "geometry": { "type": "MultiLineString", "coordinates": [ [ [ -2.165351620682409, 38.181799583998902 ], [ -2.170443869319544, 38.175885888133891 ], [ -2.177186827718276, 38.165519953100102 ] ], [ [ -2.151500075366068, 38.207988838170309 ], [ -2.151831628669012, 38.207590795418334 ], [ -2.152156127716641, 38.207189150457587 ], [ -2.152473509759871, 38.206783981097068 ], [ -2.152783713431464, 38.206375365827277 ], [ -2.153086678757861, 38.205963383804978 ], [ -2.153382347170723, 38.205548114837882 ], [ -2.153670661518212, 38.20512963936909 ], [ -2.153951566075988, 38.20470803846154 ], [ -2.15422500655793, 38.204283393782227 ], [ -2.154490930126571, 38.203855787586377 ], [ -2.154749285403253, 38.203425302701447 ], [ -2.155000022477998, 38.20299202251114 ], [ -2.155243092919088, 38.202556030939071 ], [ -2.155478449782359, 38.202117412432678 ], [ -2.155706047620202, 38.201676251946658 ], [ -2.155925842490279, 38.20123263492659 ], [ -2.154924493325006, 38.199838612354093 ], [ -2.15495733026896, 38.199638999131814 ], [ -2.154998637830146, 38.199440367985488 ], [ -2.155048369402742, 38.199242942693381 ], [ -2.155106468891748, 38.199046945673459 ], [ -2.155172870776472, 38.198852597732888 ], [ -2.155247500184634, 38.198660117819244 ], [ -2.155330272976998, 38.198469722774014 ], [ -2.155421095842417, 38.198281627088292 ], [ -2.155519866403225, 38.198096042661177 ], [ -2.155626473330803, 38.197913178561201 ], [ -2.155740796471234, 38.197733240790797 ], [ -2.155862706980873, 38.197556432054363 ], [ -2.155992067471702, 38.197382951529924 ], [ -2.156128732166281, 38.197212994644936 ], [ -2.156272547062137, 38.197046752856075 ], [ -2.156423350105411, 38.196884413433793 ], [ -2.156580971373539, 38.196726159251291 ], [ -2.15674523326679, 38.196572168578783 ], [ -2.15691595070843, 38.196422614882628 ], [ -2.157092931353283, 38.19627766663006 ], [ -2.157519381429481, 38.195904965971501 ], [ -2.157939051186071, 38.195527503880072 ], [ -2.158351855350102, 38.195145357144568 ], [ -2.158757710049288, 38.194758603505655 ], [ -2.159156532829036, 38.194367321640044 ], [ -2.159548242669176, 38.193971591144376 ], [ -2.159932760000399, 38.193571492519027 ], [ -2.160310006720392, 38.193167107151716 ], [ -2.16067990620967, 38.192758517300867 ], [ -2.161042383347109, 38.192345806078826 ], [ -2.161397364525164, 38.191929057434947 ], [ -2.161579046724085, 38.191722813791436 ], [ -2.161753221410653, 38.191512574923131 ], [ -2.161919747681788, 38.191298510985561 ], [ -2.162078490828209, 38.191080795228594 ], [ -2.162229322443311, 38.190859603856161 ], [ -2.162372120526917, 38.190635115883538 ], [ -2.162506769583839, 38.190407512992444 ], [ -2.162633160717152, 38.190176979383885 ], [ -2.163943701725188, 38.188737564485265 ], [ -2.166379088265085, 38.185990074869459 ], [ -2.164874682699024, 38.180058237858219 ] ] ] } },
{ "type": "Feature", "properties": { "ID": "ES757", "FaultName": "Lomas de Cliler - Avilés Sur", "SectionNam": null, "LocationX": -1.71030334, "LocationY": 37.96405544, "Geological": "Betics (Murcia)", "Identifica": "Geological and geomorphological field mapping", "NameOfComp": "Martín-Banda, R. and García-Mayordomo, J.", "Filiation": "IGME", "EmailCompi": "julian.garcia@igme.es", "Last_Updat": "2013-08-23", "AverageStr": "210", "StrikeErro": "± 11", "StrikeSour": "LD", "StrikeComm": "Compiler's measurement, based on the Record number 60 from the Neotectonic, Seismotectonic and Activity of Faults Map of the Región de Murcia (ITGE, 1993a,b), following the right-hand rule.", "Dip": "45", "DipError": "+ 10", "DipSource": "LD", "DipComment": "Record number 60 from the Neotectonic, Seismotectonic and Activity of Faults Map of the Región de Murcia (ITGE, 1993a,b).", "Rake": -90.0, "RakeError": null, "RakeSource": "LD", "RakeCommen": "Record number 60 from the Neotectonic, Seismotectonic and Activity of Faults Map of the Región de Murcia (ITGE, 1993a,b).", "SenseOfMov": "N", "SenseOfM_1": null, "SenseOfM_2": "LD", "SenseOfM_3": "Record number 60 from the Neotectonic, Seismotectonic and Activity of Faults Map of the Región de Murcia (ITGE, 1993a,b).", "Length": 8.0, "LengthErro": "± 0.5", "LengthSour": "EJ", "LengthComm": "Observed on the Neotectonic, Seismotectonic and Activity of Faults Map of the Región de Murcia (ITGE, 1993a).", "MinDepth": 0.0, "MinDepthEr": null, "MinDepthSo": "EJ", "MinDepthCo": "It outcrops at the surface (ITGE, 1993a).", "MaxDepth": 5.0, "MaxDepthEr": "5-11", "MaxDepthSo": "EJ", "MaxDepthCo": "5 km is the estimated maximum depth of the main detachment level or thickness of the Mesozoic sedimentary cover. 11 km is the depth of the fragile-ductile transition in the Central Betic Crustal Block (García-Mayordomo, 2005).", "Width": 7.0710678182100004, "WidthError": null, "WidthSourc": "AR", "WidthComme": null, "Area": 56.568542545699998, "AreaError": null, "AreaSource": "AR", "AreaCommen": null, "AYDA": "Middle Pleistocene", "AYDAError": null, "AYDASource": "LD", "AYDACommet": "Observed on of the Neotectonic, Seismotectonic and Activity of Faults Map of the Región de Murcia (ITGE, 1993a).", "VerticalSl": 0.0, "Vertical_1": null, "Vertical_2": null, "Vertical_3": "Unknown", "Horizontal": 0.0, "Horizont_1": null, "Horizont_2": null, "Horizont_3": "Unknown", "NetSlipRat": 0.0, "NetSlipR_1": null, "NetSlipR_2": null, "NetSlipR_3": "Unknown", "MaxSlipPer": 0.0, "MaxSlipP_1": null, "MaxSlipP_2": null, "MaxSlipP_3": "Unknown", "NumSeismic": null, "NumSeism_1": null, "NumSeism_2": null, "NumSeism_3": "Unknown", "EAC": null, "EACSource": null, "EACComment": "Unknown", "Geomorphic": "1) It affects the formation of alluvial cones 2) Fault scarps 3) Faceted faces 4) Tilting 5) Overlapping slopes 6) Inflections of the river network", "Geomorph_1": "LD", "Geomorph_2": "Record number 60 from the Neotectonic, Seismotectonic and Activity of Faults Map of the Región de Murcia (ITGE, 1993a,b).", "MaxMagnitu": 0.0, "MaxMagni_1": null, "MaxMagni_2": null, "MaxMagni_3": "Unstated", "Recurrence": 0.0, "Recurren_1": null, "Recurren_2": null, "Recurren_3": "Unstated", "DLME": null, "DLMEError": null, "DLMESource": null, "DLMECommen": "Unknown", "RelatedEar": 0, "Extended_I": "EXTENDED INFORMATION\\", "References": "Garcia-Mayordomo, J. (2005). Caracterización y Análisis de la Peligrosidad Sísmica en el Sureste de España. Tesis Doctoral, Universidad Complutense de Madrid, 373 pp.\n\nITGE (1993a): Mapa Neotectónico, Sismotectónico y de Actividad de Fallas de la R", "StrengthOf": "C", "MaxMagni_4": null, "SlipRateAc": "Not rated", "Recurren_4": null, "Fault_Trac": "1", "Slip_Rate_": "0", "Activity_D": "3", "OrdenVisua": "166", "BaseDeDato": "QAFI_V.3" }, "geometry": { "type": "MultiLineString", "coordinates": [ [ [ -1.755682223743977, 37.904350927777791 ], [ -1.754671934223794, 37.905582315977483 ], [ -1.752415398780829, 37.908303149230157 ], [ -1.750151995361718, 37.911020439150107 ], [ -1.747881732169283, 37.913734174978686 ], [ -1.745604617436399, 37.916444345970149 ], [ -1.743320659425974, 37.919150941391635 ], [ -1.741029866430934, 37.921853950523229 ], [ -1.738732246774182, 37.924553362658052 ], [ -1.736427808808595, 37.927249167102246 ], [ -1.734116560916983, 37.929941353175074 ], [ -1.733522765811249, 37.930807001254067 ], [ -1.732936902619582, 37.931676036012881 ], [ -1.732359002383166, 37.932548411814665 ], [ -1.731789095728315, 37.933424082845583 ], [ -1.731227212864821, 37.934303003117229 ], [ -1.730673383584321, 37.935185126468987 ], [ -1.730127637258684, 37.936070406570458 ], [ -1.729590002838423, 37.93695879692384 ], [ -1.729060508851124, 37.937850250866425 ], [ -1.725045278422394, 37.943884501596592 ], [ -1.716344913565146, 37.958043450836911 ], [ -1.715606405922989, 37.958683277700985 ], [ -1.71030330028921, 37.964055439448479 ] ] ] } },
{ "type": "Feature", "properties": { "ID": "ES775", "FaultName": "Segura Medio Fault System (2/2)", "SectionNam": "Abarán", "LocationX": -1.45235143, "LocationY": 38.21719428, "Geological": "Betics (Murcia)", "Identifica": "Geological and geomorphological field mapping", "NameOfComp": "Martín-Banda, R. and García-Mayordomo, J.", "Filiation": "IGME", "EmailCompi": "julian.garcia@igme.es", "Last_Updat": "2013-08-22", "AverageStr": "110", "StrikeErro": "± 5", "StrikeSour": "LD", "StrikeComm": "Compiler's measurement, based on the Record number 64 from the Neotectonic, Seismotectonic and Activity of Faults Map of the Región de Murcia (ITGE, 1993a,b), following the right-hand rule.", "Dip": "90", "DipError": "(60 to 90)", "DipSource": "EJ", "DipComment": "Inferred from the Neotectonic, Seismotectonic and Activity of Faults Map of the Región de Murcia (ITGE, 1993a).", "Rake": -135.0, "RakeError": "± 5", "RakeSource": "LD", "RakeCommen": "Record number 64 from the Neotectonic, Seismotectonic and Activity of Faults Map of the Región de Murcia (ITGE, 1993a,b).", "SenseOfMov": "DN", "SenseOfM_1": "± 5", "SenseOfM_2": "LD", "SenseOfM_3": "Record number 64 from the Neotectonic, Seismotectonic and Activity of Faults Map of the Región de Murcia (ITGE, 1993a,b).", "Length": 14.0, "LengthErro": "± 1", "LengthSour": "EJ", "LengthComm": "Lenght of the Abarán Fault, that belongs to the Segura Medio Fault System. Observed on the Neotectonic, Seismotectonic and Activity of Faults Map of the Región de Murcia (ITGE, 1993a).", "MinDepth": 0.0, "MinDepthEr": null, "MinDepthSo": "EJ", "MinDepthCo": "It outcrops at the surface (ITGE, 1993a).", "MaxDepth": 11.0, "MaxDepthEr": "11-5", "MaxDepthSo": "EJ", "MaxDepthCo": "11 km is the depth of the fragile-ductile transition in the Central Betic or Prebetic Crustal blocks (García-Mayordomo, 2005). 5 km is the estimated max. depth of the main detachment level or thickness of the Mesozoic sedimentary cover.", "Width": 11.0, "WidthError": null, "WidthSourc": "AR", "WidthComme": null, "Area": 154.0, "AreaError": null, "AreaSource": "AR", "AreaCommen": null, "AYDA": "Upper Pleistocene", "AYDAError": "Holocene", "AYDASource": "LD", "AYDACommet": "Record number 64 from the Neotectonic, Seismotectonic and Activity of Faults Map of the Región de Murcia (ITGE, 1993a,b).", "VerticalSl": 0.0, "Vertical_1": null, "Vertical_2": null, "Vertical_3": "Unknown", "Horizontal": 0.0, "Horizont_1": null, "Horizont_2": null, "Horizont_3": "Unknown", "NetSlipRat": 0.0, "NetSlipR_1": null, "NetSlipR_2": null, "NetSlipR_3": "Unknown", "MaxSlipPer": 0.0, "MaxSlipP_1": null, "MaxSlipP_2": null, "MaxSlipP_3": "Unknown", "NumSeismic": null, "NumSeism_1": null, "NumSeism_2": null, "NumSeism_3": "Unknown", "EAC": null, "EACSource": null, "EACComment": "Unknown", "Geomorphic": "1) Tilting of the Upper Tortonian - Messinian materials, also  affecting Quaternary river terrace deposits near Abarán village 2) Dissection of the Segura river 3) Springs at 40ºC", "Geomorph_1": "LD", "Geomorph_2": "Record number 64 from the Neotectonic, Seismotectonic and Activity of Faults Map of the Región de Murcia (ITGE, 1993a,b).", "MaxMagnitu": 0.0, "MaxMagni_1": null, "MaxMagni_2": null, "MaxMagni_3": "Unstated", "Recurrence": 0.0, "Recurren_1": null, "Recurren_2": null, "Recurren_3": "Unstated", "DLME": null, "DLMEError": null, "DLMESource": null, "DLMECommen": "Unknown", "RelatedEar": -1, "Extended_I": "EXTENDED INFORMATION\\", "References": "Garcia-Mayordomo, J. (2005). Caracterización y Análisis de la Peligrosidad Sísmica en el Sureste de España. Tesis Doctoral, Universidad Complutense de Madrid, 373 pp.\n\nITGE (1993a): Mapa Neotectónico, Sismotectónico y de Actividad de Fallas de la R", "StrengthOf": "B", "MaxMagni_4": null, "SlipRateAc": "Not rated", "Recurren_4": null, "Fault_Trac": "1", "Slip_Rate_": "0", "Activity_D": "2", "OrdenVisua": "184", "BaseDeDato": "QAFI_V.3" }, "geometry": { "type": "MultiLineString", "coordinates": [ [ [ -1.325097940837757, 38.19064139146964 ], [ -1.31157246710146, 38.179969980998621 ], [ -1.30057705047451, 38.171252881133803 ], [ -1.294837115468588, 38.167502457126503 ], [ -1.29142344887605, 38.165954754008126 ] ], [ [ -1.398281652909851, 38.205092452034364 ], [ -1.393665783276698, 38.204129628796572 ], [ -1.389735289520821, 38.203116046687839 ], [ -1.384147698511227, 38.201419722184269 ], [ -1.377737816890325, 38.199111943711081 ], [ -1.35897730408038, 38.191713220221871 ], [ -1.342724032466965, 38.184938991897162 ] ], [ [ -1.405021679290765, 38.209742934205501 ], [ -1.401365101461495, 38.208602085554126 ] ], [ [ -1.452351430506644, 38.2171942830484 ], [ -1.449746079126438, 38.217108814837324 ], [ -1.446272412175895, 38.216464765627059 ], [ -1.441965125850086, 38.215809550439936 ], [ -1.435692541252427, 38.214888753993286 ], [ -1.430100924934758, 38.21403654528703 ], [ -1.421403514075377, 38.213082527184518 ], [ -1.416780583878486, 38.213020256703281 ], [ -1.413837928824438, 38.212382412369266 ], [ -1.40996268534029, 38.211275803557726 ], [ -1.406827999048629, 38.210324912032291 ] ] ] } },
{ "type": "Feature", "properties": { "ID": "ES774", "FaultName": "Segura Medio Fault System (1/2)", "SectionNam": "Molina de Segura", "LocationX": -1.23996194, "LocationY": 38.10007176, "Geological": "Betics (Murcia)", "Identifica": "Geomorphological field mapping and geophysics", "NameOfComp": "Martín-Banda, R. and García-Mayordomo, J.", "Filiation": "IGME", "EmailCompi": "julian.garcia@igme.es", "Last_Updat": "2013-09-17", "AverageStr": "170", "StrikeErro": "± 10", "StrikeSour": "LD", "StrikeComm": "Compiler's measurement, based on the Record number 142 from the Neotectonic, Seismotectonic and Activity of Faults Map of the Región de Murcia (ITGE, 1993a,b), following the right-hand rule.", "Dip": "45", "DipError": "± 5", "DipSource": "LD", "DipComment": "Record number 142 from the Neotectonic, Seismotectonic and Activity of Faults Map of the Región de Murcia (ITGE, 1993a,b).", "Rake": -90.0, "RakeError": null, "RakeSource": "LD", "RakeCommen": "Record number 142 from the Neotectonic, Seismotectonic and Activity of Faults Map of the Región de Murcia (ITGE, 1993a,b).", "SenseOfMov": "N", "SenseOfM_1": null, "SenseOfM_2": "LD", "SenseOfM_3": "Record number 142 from the Neotectonic, Seismotectonic and Activity of Faults Map of the Región de Murcia (ITGE, 1993a,b).", "Length": 13.79, "LengthErro": "± 0.5", "LengthSour": "EJ", "LengthComm": "Observed on the Neotectonic, Seismotectonic and Activity of Faults Map of the Región de Murcia (ITGE, 1993a).", "MinDepth": 0.01, "MinDepthEr": "± 0.005", "MinDepthSo": "EJ", "MinDepthCo": "Observed on the Neotectonic, Seismotectonic and Activity of Faults Map of the Región de Murcia (ITGE, 1993a).", "MaxDepth": 11.0, "MaxDepthEr": "11-5", "MaxDepthSo": "EJ", "MaxDepthCo": "11 km is the depth of the fragile-ductile transition in the Central Betic or Prebetic Crustal blocks (García-Mayordomo, 2005). 5 km is the estimated max. Depth of the main detachment level or thickness of the Mesozoic sedimentary cover.", "Width": 15.542207064399999, "WidthError": null, "WidthSourc": "AR", "WidthComme": null, "Area": 214.32703541800001, "AreaError": null, "AreaSource": "AR", "AreaCommen": null, "AYDA": "Upper Pleistocene-Holocene", "AYDAError": null, "AYDASource": "LD", "AYDACommet": "Record number 142 from the Neotectonic, Seismotectonic and Activity of Faults Map of the Región de Murcia (ITGE, 1993a,b).", "VerticalSl": 0.0, "Vertical_1": null, "Vertical_2": null, "Vertical_3": "Unknown", "Horizontal": 0.0, "Horizont_1": null, "Horizont_2": null, "Horizont_3": "Unknown", "NetSlipRat": 0.0, "NetSlipR_1": null, "NetSlipR_2": null, "NetSlipR_3": "Unknown", "MaxSlipPer": 0.0, "MaxSlipP_1": null, "MaxSlipP_2": null, "MaxSlipP_3": "Unknown", "NumSeismic": null, "NumSeism_1": null, "NumSeism_2": null, "NumSeism_3": "Unknown", "EAC": null, "EACSource": null, "EACComment": "Unknown", "Geomorphic": "1) Overlaps 2) Geographic lineament", "Geomorph_1": "LD", "Geomorph_2": "Record number 142 from the Neotectonic, Seismotectonic and Activity of Faults Map of the Región de Murcia (ITGE, 1993a,b).", "MaxMagnitu": 0.0, "MaxMagni_1": null, "MaxMagni_2": null, "MaxMagni_3": "Unstated", "Recurrence": 0.0, "Recurren_1": null, "Recurren_2": null, "Recurren_3": "Unstated", "DLME": null, "DLMEError": null, "DLMESource": null, "DLMECommen": "Unknown", "RelatedEar": -1, "Extended_I": "EXTENDED INFORMATION\\", "References": "Garcia-Mayordomo, J. (2005). Caracterización y Análisis de la Peligrosidad Sísmica en el Sureste de España. Tesis Doctoral, Universidad Complutense de Madrid, 373 pp.\n\nITGE (1993a): Mapa Neotectónico, Sismotectónico y de Actividad de Fallas de la R", "StrengthOf": "C", "MaxMagni_4": null, "SlipRateAc": "Not rated", "Recurren_4": null, "Fault_Trac": "1", "Slip_Rate_": "0", "Activity_D": "2", "OrdenVisua": "183", "BaseDeDato": "QAFI_V.3" }, "geometry": { "type": "MultiLineString", "coordinates": [ [ [ -1.21896202887611, 37.982368041612759 ], [ -1.22038171964115, 38.011819257416484 ], [ -1.222533953021464, 38.029546766200269 ], [ -1.222828076675852, 38.038333123284012 ], [ -1.224726122535662, 38.068284055465135 ], [ -1.22852730143864, 38.07776034512883 ], [ -1.233978021883323, 38.085959240845554 ], [ -1.239961933385569, 38.100071753613086 ] ] ] } },
{ "type": "Feature", "properties": { "ID": "ES752", "FaultName": "Sucina - El Estacio", "SectionNam": null, "LocationX": -0.9386281, "LocationY": 37.89410996, "Geological": "Betics (Murcia)", "Identifica": "Geological, geomorphological field mapping and geophysical methods", "NameOfComp": "Martín-Banda, R. and García-Mayordomo, J.", "Filiation": "IGME", "EmailCompi": "julian.garcia@igme.es", "Last_Updat": "2013-09-12", "AverageStr": "310", "StrikeErro": "± 10", "StrikeSour": "LD", "StrikeComm": "Compiler's measurement, based on the Record number 134 from the Neotectonic, Seismotectonic and Activity of Faults Map of the Región de Murcia (ITGE, 1993a,b), following the right-hand rule.", "Dip": "85", "DipError": "± 5", "DipSource": "EJ", "DipComment": "García-Mayordomo (2005)", "Rake": -180.0, "RakeError": null, "RakeSource": "LD", "RakeCommen": "Record number 134 from the Neotectonic, Seismotectonic and Activity of Faults Map of the Región de Murcia (ITGE, 1993a,b).", "SenseOfMov": "D", "SenseOfM_1": null, "SenseOfM_2": "EJ", "SenseOfM_3": "Record number 134 from the Neotectonic, Seismotectonic and Activity of Faults Map of the Región de Murcia (ITGE, 1993a,b).", "Length": 24.9, "LengthErro": "± 0.5", "LengthSour": "EJ", "LengthComm": "Observed on the Neotectonic, Seismotectonic and Activity of Faults Map of the Región de Murcia (ITGE, 1993a).", "MinDepth": 0.02, "MinDepthEr": "± 0.005", "MinDepthSo": "EJ", "MinDepthCo": "Based on the Plio-Quaternary Isopach Map of the Campo de Cartagena and Guadalentín Basins (ITGE, 1993a).", "MaxDepth": 8.0, "MaxDepthEr": null, "MaxDepthSo": "EJ", "MaxDepthCo": "8 km is the depth of the fragile-ductile transition in the Cartagena Block (García-Mayordomo, 2005). According to geophysics the fault reaches the basement (Record number 134 from IGTE, 1993b).", "Width": 8.01048230478, "WidthError": null, "WidthSourc": "AR", "WidthComme": null, "Area": 199.461009389, "AreaError": null, "AreaSource": "AR", "AreaCommen": null, "AYDA": "Tyrrhenian (Upper Pleistocene)", "AYDAError": null, "AYDASource": "LD", "AYDACommet": "Record number 134 from the Neotectonic, Seismotectonic and Activity of Faults Map of the Región de Murcia (ITGE, 1993a,b).", "VerticalSl": 0.0, "Vertical_1": null, "Vertical_2": null, "Vertical_3": "Unknown", "Horizontal": 0.0, "Horizont_1": null, "Horizont_2": null, "Horizont_3": "Unknown", "NetSlipRat": 0.0, "NetSlipR_1": null, "NetSlipR_2": null, "NetSlipR_3": "Unknown", "MaxSlipPer": 0.0, "MaxSlipP_1": null, "MaxSlipP_2": null, "MaxSlipP_3": "Unknown", "NumSeismic": null, "NumSeism_1": null, "NumSeism_2": null, "NumSeism_3": "Unknown", "EAC": null, "EACSource": null, "EACComment": "Unknown", "Geomorphic": "1) Hanging valleys 2) Inflections of the river network 3) It affects eolian Tyrrhenian deposits", "Geomorph_1": "LD", "Geomorph_2": "Record number 134 from the Neotectonic, Seismotectonic and Activity of Faults Map of the Región de Murcia (ITGE, 1993a,b).", "MaxMagnitu": 0.0, "MaxMagni_1": null, "MaxMagni_2": null, "MaxMagni_3": "Unstated", "Recurrence": 0.0, "Recurren_1": null, "Recurren_2": null, "Recurren_3": "Unstated", "DLME": null, "DLMEError": null, "DLMESource": null, "DLMECommen": "Unknown", "RelatedEar": 0, "Extended_I": "EXTENDED INFORMATION\\", "References": "Garcia-Mayordomo, J. (2005). Caracterización y Análisis de la Peligrosidad Sísmica en el Sureste de España. Tesis Doctoral, Universidad Complutense de Madrid, 373 pp.\n\nITGE (1993a): Mapa Neotectónico, Sismotectónico y de Actividad de Fallas de la R", "StrengthOf": "B", "MaxMagni_4": null, "SlipRateAc": "Not rated", "Recurren_4": null, "Fault_Trac": "2", "Slip_Rate_": "0", "Activity_D": "2", "OrdenVisua": "161", "BaseDeDato": "QAFI_V.3" }, "geometry": { "type": "MultiLineString", "coordinates": [ [ [ -0.938628095048871, 37.894109952722289 ], [ -0.920744835772536, 37.881142021821283 ], [ -0.876887484319039, 37.851798784429846 ], [ -0.865372776618982, 37.840021847980296 ], [ -0.801660399706387, 37.79928735377495 ] ], [ [ -0.800142875747517, 37.798317125164679 ], [ -0.800127014171083, 37.798306984069264 ] ], [ [ -0.748726027070905, 37.765443774240289 ], [ -0.746465275951556, 37.763998363507973 ] ] ] } },
{ "type": "Feature", "properties": { "ID": "ES749", "FaultName": "Hinojar", "SectionNam": null, "LocationX": -1.44766216, "LocationY": 37.69679325, "Geological": "Betics (Murcia)", "Identifica": "Geomorphological field mapping", "NameOfComp": "Martín-Banda, R. and García-Mayordomo, J.", "Filiation": "IGME", "EmailCompi": "julian.garcia@igme.es", "Last_Updat": "2013-09-13", "AverageStr": "065", "StrikeErro": "± 2", "StrikeSour": "LD", "StrikeComm": "Compiler's measurement, based on the Record number 128 from the Neotectonic, Seismotectonic and Activity of Faults Map of the Región de Murcia (ITGE, 1993a,b), following the right-hand rule.", "Dip": "45", "DipError": "± 2", "DipSource": "LD", "DipComment": "Record number 128 from the Neotectonic, Seismotectonic and Activity of Faults Map of the Región de Murcia (ITGE, 1993a,b).", "Rake": 45.0, "RakeError": null, "RakeSource": "EJ", "RakeCommen": "The Neotectonic, Seismotectonic and Activity of Faults Map of the Región de Murcia (ITGE, 1993a).", "SenseOfMov": "SR", "SenseOfM_1": null, "SenseOfM_2": "EJ", "SenseOfM_3": "The Neotectonic, Seismotectonic and Activity of Faults Map of the Región de Murcia (ITGE, 1993a).", "Length": 7.21, "LengthErro": "± 0.1", "LengthSour": "EJ", "LengthComm": "Observed on the Neotectonic, Seismotectonic and Activity of Faults Map of the Región de Murcia (ITGE, 1993a).", "MinDepth": 0.0, "MinDepthEr": null, "MinDepthSo": "EJ", "MinDepthCo": "It outcrops at the surface (ITGE, 1993a).", "MaxDepth": 8.0, "MaxDepthEr": null, "MaxDepthSo": "EJ", "MaxDepthCo": "8 km is the depth of the fragile-ductile transition in the Cartagena Crustal Block (García-Mayordomo, 2005).", "Width": 11.3137085091, "WidthError": null, "WidthSourc": "AR", "WidthComme": null, "Area": 81.571838350899995, "AreaError": null, "AreaSource": "AR", "AreaCommen": null, "AYDA": "Early Pleistocene", "AYDAError": null, "AYDASource": "LD", "AYDACommet": "Observed on the Neotectonic, Seismotectonic and Activity of Faults Map of the Región de Murcia (ITGE, 1993a).", "VerticalSl": 0.0, "Vertical_1": null, "Vertical_2": null, "Vertical_3": "Unknown", "Horizontal": 0.0, "Horizont_1": null, "Horizont_2": null, "Horizont_3": "Unknown", "NetSlipRat": 0.0, "NetSlipR_1": null, "NetSlipR_2": null, "NetSlipR_3": "Unknown", "MaxSlipPer": 0.0, "MaxSlipP_1": null, "MaxSlipP_2": null, "MaxSlipP_3": "Unknown", "NumSeismic": null, "NumSeism_1": null, "NumSeism_2": null, "NumSeism_3": "Unknown", "EAC": null, "EACSource": null, "EACComment": "Unknown", "Geomorphic": "1) Triangular facets 2) Tilting 3) Overlaps", "Geomorph_1": "LD", "Geomorph_2": "Record number 128 from the Neotectonic, Seismotectonic and Activity of Faults Map of the Región de Murcia (ITGE, 1993a,b).", "MaxMagnitu": 0.0, "MaxMagni_1": null, "MaxMagni_2": null, "MaxMagni_3": "Unstated", "Recurrence": 0.0, "Recurren_1": null, "Recurren_2": null, "Recurren_3": "Unstated", "DLME": null, "DLMEError": null, "DLMESource": null, "DLMECommen": "Unknown", "RelatedEar": 0, "Extended_I": "EXTENDED INFORMATION\\", "References": "Garcia-Mayordomo, J. (2005). Caracterización y Análisis de la Peligrosidad Sísmica en el Sureste de España. Tesis Doctoral, Universidad Complutense de Madrid, 373 pp.\n\nITGE (1993a): Mapa Neotectónico, Sismotectónico y de Actividad de Fallas de la R", "StrengthOf": "C", "MaxMagni_4": null, "SlipRateAc": "Not rated", "Recurren_4": null, "Fault_Trac": "1", "Slip_Rate_": "0", "Activity_D": "3", "OrdenVisua": "158", "BaseDeDato": "QAFI_V.3" }, "geometry": { "type": "MultiLineString", "coordinates": [ [ [ -1.522010794256773, 37.669485243049309 ], [ -1.447662162730482, 37.696793244823319 ] ] ] } },
{ "type": "Feature", "properties": { "ID": "ES748", "FaultName": "Mazarrón Norte", "SectionNam": null, "LocationX": -1.32954952, "LocationY": 37.61920566, "Geological": "Betics (Murcia)", "Identifica": "Geological and geomorphological field mapping", "NameOfComp": "Martín-Banda, R. and García-Mayordomo, J.", "Filiation": "IGME", "EmailCompi": "julian.garcia@igme.es", "Last_Updat": "2013-09-18", "AverageStr": "110", "StrikeErro": "± 5", "StrikeSour": "LD", "StrikeComm": "Compiler's measurement, based on the Record number 123 from the Neotectonic, Seismotectonic and Activity of Faults Map of the Región de Murcia (ITGE, 1993a,b), following the right-hand rule.", "Dip": "85", "DipError": "90 to 60", "DipSource": "EJ", "DipComment": "García-Mayordomo (2005).", "Rake": -45.0, "RakeError": null, "RakeSource": "LD", "RakeCommen": "Record number 123 from the Neotectonic, Seismotectonic and Activity of Faults Map of the Región de Murcia (ITGE, 1993a,b).", "SenseOfMov": "NS", "SenseOfM_1": null, "SenseOfM_2": "LD", "SenseOfM_3": "Record number 123 from the Neotectonic, Seismotectonic and Activity of Faults Map of the Región de Murcia (ITGE, 1993a,b).", "Length": 16.0, "LengthErro": "± 0.2", "LengthSour": "EJ", "LengthComm": "Observed on the Neotectonic, Seismotectonic and Activity of Faults Map of the Región de Murcia (ITGE, 1993a).", "MinDepth": 0.0, "MinDepthEr": null, "MinDepthSo": "EJ", "MinDepthCo": "It outcrops at the surface (ITGE, 1993a).", "MaxDepth": 8.0, "MaxDepthEr": null, "MaxDepthSo": "EJ", "MaxDepthCo": "8 km is the depth of the fragile-ductile transition in the Cartagena Crustal Block (García-Mayordomo, 2005).", "Width": 8.0305587015400004, "WidthError": null, "WidthSourc": "AR", "WidthComme": null, "Area": 128.488939225, "AreaError": null, "AreaSource": "AR", "AreaCommen": null, "AYDA": "Upper Pleistocene", "AYDAError": null, "AYDASource": "LD", "AYDACommet": "Record number 123 from the Neotectonic, Seismotectonic and Activity of Faults Map of the Región de Murcia (ITGE, 1993a,b).", "VerticalSl": 0.0, "Vertical_1": null, "Vertical_2": null, "Vertical_3": "Unknown", "Horizontal": 0.0, "Horizont_1": null, "Horizont_2": null, "Horizont_3": "Unknown", "NetSlipRat": 0.0, "NetSlipR_1": null, "NetSlipR_2": null, "NetSlipR_3": "Unknown", "MaxSlipPer": 0.0, "MaxSlipP_1": null, "MaxSlipP_2": null, "MaxSlipP_3": "Unknown", "NumSeismic": null, "NumSeism_1": null, "NumSeism_2": null, "NumSeism_3": "Unknown", "EAC": null, "EACSource": null, "EACComment": "Unknown", "Geomorphic": "1) Tilting 2) Overlaps 3) Dissection of the slopes 4) Hanging valleys", "Geomorph_1": "LD", "Geomorph_2": "Record number 123 from the Neotectonic, Seismotectonic and Activity of Faults Map of the Región de Murcia (ITGE, 1993a,b).", "MaxMagnitu": 0.0, "MaxMagni_1": null, "MaxMagni_2": null, "MaxMagni_3": "Unstated", "Recurrence": 0.0, "Recurren_1": null, "Recurren_2": null, "Recurren_3": "Unstated", "DLME": null, "DLMEError": null, "DLMESource": null, "DLMECommen": "Unknown", "RelatedEar": 0, "Extended_I": "EXTENDED INFORMATION\\", "References": "Garcia-Mayordomo, J. (2005). Caracterización y Análisis de la Peligrosidad Sísmica en el Sureste de España. Tesis Doctoral, Universidad Complutense de Madrid, 373 pp.\n\nITGE (1993a): Mapa Neotectónico, Sismotectónico y de Actividad de Fallas de la R", "StrengthOf": "C", "MaxMagni_4": null, "SlipRateAc": "Not rated", "Recurren_4": null, "Fault_Trac": "1", "Slip_Rate_": "0", "Activity_D": "2", "OrdenVisua": "157", "BaseDeDato": "QAFI_V.3" }, "geometry": { "type": "MultiLineString", "coordinates": [ [ [ -1.32954952141147, 37.619205661020203 ], [ -1.251601202029272, 37.591641886999469 ], [ -1.2149218056135, 37.57950604139134 ], [ -1.178977082372578, 37.566329510777337 ], [ -1.165908102068874, 37.560784808379609 ] ] ] } },
{ "type": "Feature", "properties": { "ID": "ES759", "FaultName": "Las Lomas System", "SectionNam": null, "LocationX": -1.37092159, "LocationY": 37.7431572, "Geological": "Betics (Murcia)", "Identifica": "Geological and geomorphological field mapping", "NameOfComp": "Martín-Banda, R. and García-Mayordomo, J.", "Filiation": "IGME", "EmailCompi": "julian.garcia@igme.es", "Last_Updat": "2013-09-18", "AverageStr": "150", "StrikeErro": "± 10", "StrikeSour": "LD", "StrikeComm": "Compiler's measurement, based on the Geological Map of Spain Memory, Digital Edition, Sheet number 954 - Totana  (Leyva et al., 2004), following the right-hand rule.", "Dip": "80", "DipError": "90 to 60", "DipSource": "EJ", "DipComment": "García-Mayordomo (2005).", "Rake": -45.0, "RakeError": "(-045) to (-090)", "RakeSource": "EJ", "RakeCommen": "Observed on the Geological Map of Spain, Digital Edition, Sheet number 954 - Totana  (Leyva et al., 2004)", "SenseOfMov": "NS", "SenseOfM_1": "NS to N", "SenseOfM_2": "EJ", "SenseOfM_3": "Observed on the Geological Map of Spain, Digital Edition, Sheet number 954 - Totana  (Leyva et al., 2004)", "Length": 6.5, "LengthErro": "± 0.5", "LengthSour": "EJ", "LengthComm": "It is a small fault system with a width of 5.3 km and a maximum length of 6.5 km. Observed on the Geological Map of Spain, Digital Edition, Sheet number 954 - Totana  (Leyva et al., 2004)", "MinDepth": 0.0, "MinDepthEr": null, "MinDepthSo": "EJ", "MinDepthCo": "It outcrops at the surface (ITGE, 1993a).", "MaxDepth": 5.0, "MaxDepthEr": "5-8", "MaxDepthSo": "EJ", "MaxDepthCo": "8 km is the depth of the fragile-ductile transition in the Cartagena Crustal Block (García-Mayordomo, 2005). However, the short length of the fault suggests that is a secondary fault, not likely to reach the F-D transition.", "Width": 5.0771330608599996, "WidthError": null, "WidthSourc": "AR", "WidthComme": null, "Area": 33.001364895599998, "AreaError": null, "AreaSource": "AR", "AreaCommen": null, "AYDA": "Early Pleistocene", "AYDAError": null, "AYDASource": "LD", "AYDACommet": "Observed on the Geological Map of Spain, Digital Edition, Sheet number 954 - Totana  (Leyva et al., 2004)", "VerticalSl": 0.0, "Vertical_1": null, "Vertical_2": null, "Vertical_3": "Unknown", "Horizontal": 0.0, "Horizont_1": null, "Horizont_2": null, "Horizont_3": "Unknown", "NetSlipRat": 0.0, "NetSlipR_1": null, "NetSlipR_2": null, "NetSlipR_3": "Unknown", "MaxSlipPer": 0.0, "MaxSlipP_1": null, "MaxSlipP_2": null, "MaxSlipP_3": "Unknown", "NumSeismic": null, "NumSeism_1": null, "NumSeism_2": null, "NumSeism_3": "Unknown", "EAC": null, "EACSource": null, "EACComment": "Unknown", "Geomorphic": "1) It determines the morphology of Saladillo Scarp 2)  Associated gravitational processes", "Geomorph_1": "LD", "Geomorph_2": "Geological Map of Spain Memory, Digital Edition, Sheet number 954 - Totana  (Leyva et al., 2004)", "MaxMagnitu": 0.0, "MaxMagni_1": null, "MaxMagni_2": null, "MaxMagni_3": "Unstated", "Recurrence": 0.0, "Recurren_1": null, "Recurren_2": null, "Recurren_3": "Unstated", "DLME": null, "DLMEError": null, "DLMESource": null, "DLMECommen": "Unknown", "RelatedEar": 0, "Extended_I": "EXTENDED INFORMATION\\", "References": "Garcia-Mayordomo, J. (2005). Caracterización y Análisis de la Peligrosidad Sísmica en el Sureste de España. Tesis Doctoral, Universidad Compultense de Madrid, 373 pp.\n\nLeyva, F., Silva, P.G., García-Tortosa, F.J., Roldán, F.J. and Nozal, F. (2004).", "StrengthOf": "C", "MaxMagni_4": null, "SlipRateAc": "Not rated", "Recurren_4": null, "Fault_Trac": "1", "Slip_Rate_": "0", "Activity_D": "3", "OrdenVisua": "168", "BaseDeDato": "QAFI_V.3" }, "geometry": { "type": "MultiLineString", "coordinates": [ [ [ -1.334118203797463, 37.715969467591023 ], [ -1.333391037312803, 37.714428697416004 ], [ -1.330984179555575, 37.709874354400831 ], [ -1.330464298176167, 37.709083950013117 ], [ -1.329439746904785, 37.706827086214425 ], [ -1.328932687831277, 37.705467371422557 ], [ -1.327853051915804, 37.703672419537185 ], [ -1.327194104400556, 37.70110038559416 ], [ -1.324780023010998, 37.696901740306821 ], [ -1.322433309196063, 37.693700604543146 ], [ -1.320580126166248, 37.690470860985371 ], [ -1.315480681492266, 37.684240540902643 ] ], [ [ -1.398870519325504, 37.723172759164505 ], [ -1.397204060095015, 37.718507587744661 ], [ -1.395535472210352, 37.71395032799078 ], [ -1.394619345165007, 37.712318368592697 ], [ -1.393487471702821, 37.708092283746971 ], [ -1.391400115838545, 37.704069083607898 ], [ -1.390263865888647, 37.700058837201432 ], [ -1.388872416895954, 37.695289329640822 ] ], [ [ -1.387490450127227, 37.727332671230954 ], [ -1.386719580921131, 37.725684844701604 ], [ -1.386308665823192, 37.723970755889468 ], [ -1.385480698772077, 37.722891627135077 ], [ -1.385191849401489, 37.72174869412062 ], [ -1.384412582366146, 37.720492260054186 ], [ -1.382667837794545, 37.718201057434968 ], [ -1.381809276682574, 37.71657691009618 ] ], [ [ -1.370921590795567, 37.743157194085519 ], [ -1.37003258582033, 37.738731390354054 ], [ -1.368607893429407, 37.73625577030537 ], [ -1.368223404784618, 37.735396218801739 ], [ -1.366964752780438, 37.733527956169617 ], [ -1.3660653547647, 37.73162906861775 ], [ -1.363488347928701, 37.724510331413626 ], [ -1.360721752313017, 37.719915994356072 ], [ -1.359827944606786, 37.718387302149594 ], [ -1.359178027758301, 37.71738165504928 ], [ -1.357468047390797, 37.713656175373053 ], [ -1.356295664883844, 37.711966965119146 ], [ -1.355329969809332, 37.711063671699392 ], [ -1.353649357495824, 37.708050404585663 ], [ -1.352618436367939, 37.706049915676267 ], [ -1.349484645549293, 37.701912890635334 ], [ -1.348220689452386, 37.700329097080861 ], [ -1.341052944752577, 37.690298013258079 ] ] ] } },
{ "type": "Feature", "properties": { "ID": "ES633", "FaultName": "Torremendo", "SectionNam": null, "LocationX": -0.978778, "LocationY": 38.015916, "Geological": "Betic Range (Alicante)", "Identifica": "Geological/Geomorphological field mapping and geophysical methods (seismic reflection lines).", "NameOfComp": "Alfaro, P.", "Filiation": "Universidad de Alicante", "EmailCompi": "pedro.alfaro@ua.es", "Last_Updat": "2011-07-12", "AverageStr": "079", "StrikeErro": null, "StrikeSour": "LD", "StrikeComm": "Alfaro et al., 2002", "Dip": "30", "DipError": null, "DipSource": "LD", "DipComment": "Alfaro et al., 2002", "Rake": 0.0, "RakeError": null, "RakeSource": null, "RakeCommen": null, "SenseOfMov": "R", "SenseOfM_1": null, "SenseOfM_2": "LD", "SenseOfM_3": "Alfaro et al., 2002", "Length": 11.8, "LengthErro": null, "LengthSour": "LD", "LengthComm": "Alfaro et al., 2002", "MinDepth": 1.0, "MinDepthEr": null, "MinDepthSo": "LD", "MinDepthCo": "Alfaro et al., 2002", "MaxDepth": 12.0, "MaxDepthEr": null, "MaxDepthSo": "LD", "MaxDepthCo": "Alfaro et al., 2002", "Width": 22.000000022799998, "WidthError": null, "WidthSourc": "AR", "WidthComme": null, "Area": 259.60000026900002, "AreaError": null, "AreaSource": "AR", "AreaCommen": null, "AYDA": "Upper Pleistocene-Holocene", "AYDAError": "Upper Pleistocene-Holocene", "AYDASource": "LD", "AYDACommet": "Alfaro et al., 2002", "VerticalSl": 0.0, "Vertical_1": null, "Vertical_2": null, "Vertical_3": "Unknown", "Horizontal": 0.0, "Horizont_1": null, "Horizont_2": null, "Horizont_3": "Unknown", "NetSlipRat": 0.0, "NetSlipR_1": null, "NetSlipR_2": null, "NetSlipR_3": "Unknown", "MaxSlipPer": 0.0, "MaxSlipP_1": null, "MaxSlipP_2": null, "MaxSlipP_3": "Unknown", "NumSeismic": null, "NumSeism_1": null, "NumSeism_2": null, "NumSeism_3": "Unknown", "EAC": null, "EACSource": null, "EACComment": "Unknown", "Geomorphic": "Deformation in Upper Pleistocene to Holocene sediments inferred from seismic reflection lines (Alfaro et al., 2002).", "Geomorph_1": "LD", "Geomorph_2": "Inferred from seismic reflection lines (Alfaro et al., 2002); García-Mayordomo (2005), p.167.", "MaxMagnitu": 0.0, "MaxMagni_1": null, "MaxMagni_2": null, "MaxMagni_3": "Unstated", "Recurrence": 0.0, "Recurren_1": null, "Recurren_2": null, "Recurren_3": "Unstated", "DLME": null, "DLMEError": null, "DLMESource": null, "DLMECommen": "Unknown", "RelatedEar": 0, "Extended_I": null, "References": "Alfaro, P., Andreu, J.M., J. Delgado, Estévez, A., Soria, J.M. y Teixido, T. (2002). Quaternary deformation of the Bajo Segura blind fault (eastern Betic Cordillera, Spain) revealed by high resolution reflection profiling. Geological Magazine, 139(3), 3", "StrengthOf": "A+", "MaxMagni_4": "A", "SlipRateAc": "Not rated", "Recurren_4": null, "Fault_Trac": "2", "Slip_Rate_": "0", "Activity_D": "1", "OrdenVisua": "142", "BaseDeDato": "QAFI_V.3" }, "geometry": { "type": "MultiLineString", "coordinates": [ [ [ -0.970487175515179, 38.017974279473819 ], [ -0.978955190532738, 38.016039855293286 ] ] ] } },
{ "type": "Feature", "properties": { "ID": "ES603", "FaultName": "Crevillente (Sector Murcia)", "SectionNam": null, "LocationX": -1.27188012, "LocationY": 38.16322157, "Geological": "Betic Range (Murcia)", "Identifica": "Geological/Geomorphological field mapping", "NameOfComp": "Canora, C., García-Mayordomo, J., Martínez-Díaz, J.J., Martín Banda, R.", "Filiation": "UAM, IGME, UCM\nIGME and UCM", "EmailCompi": "carolina.canora@uam.es", "Last_Updat": "2021-09-08", "AverageStr": "240", "StrikeErro": "± 5", "StrikeSour": "OD", "StrikeComm": "Based on cartographic trace of the fault provided by J.J. Martínez-Díaz (Pers. Com.)", "Dip": "90", "DipError": null, "DipSource": "LD", "DipComment": "To apply right hand rule criteria dip is considered towards N. Canora (2005), Canora et al. (2018)", "Rake": 145.0, "RakeError": null, "RakeSource": "LD", "RakeCommen": "Assumed value for dextral-reverse kinematics as proposed by Canora et al (2018).", "SenseOfMov": "DR", "SenseOfM_1": "D to R", "SenseOfM_2": "LD", "SenseOfM_3": "Quaternary period, in earlier times it was very different.  Estévez et al., (1976); Sanz de Galdeano (1983); García-Mayordomo (2005); Sanz de Galdeano and Buforn (2005); Canora (2005); Canora et al. (2018)", "Length": 94.0, "LengthErro": "± 5", "LengthSour": "LD", "LengthComm": "QAFI v.3 considered three different segments based on Table 4.21 in García-Mayordomo (2005). Lenght here refers to complete length.", "MinDepth": 0.0, "MinDepthEr": null, "MinDepthSo": "LD", "MinDepthCo": "Outcrops at the surface", "MaxDepth": 15.0, "MaxDepthEr": null, "MaxDepthSo": "LD", "MaxDepthCo": "Table 4.21 in García-Mayordomo (2005)", "Width": 15.0, "WidthError": null, "WidthSourc": "AR", "WidthComme": null, "Area": 1410.0, "AreaError": null, "AreaSource": "AR", "AreaCommen": null, "AYDA": "Middle-Lower Pleistocene", "AYDAError": null, "AYDASource": "LD", "AYDACommet": "ITGE (1993), Canora (2005), García-Mayordomo (2005)", "VerticalSl": 0.058, "Vertical_1": ">0.058", "Vertical_2": "AR", "Vertical_3": "Relationship between NSR, dip and 30º rake", "Horizontal": 0.1, "Horizont_1": ">0.1m/ka", "Horizont_2": "EJ", "Horizont_3": "Minimum value estimated by comparison to other active faults in the area (Table 3.30 y Fig. 3.29 in García-Mayordomo, 2005)", "NetSlipRat": 0.115, "NetSlipR_1": ">0.115", "NetSlipR_2": "AR", "NetSlipR_3": "Relationship between HSR and 30º rake", "MaxSlipPer": 0.0, "MaxSlipP_1": null, "MaxSlipP_2": null, "MaxSlipP_3": "Unknown", "NumSeismic": null, "NumSeism_1": null, "NumSeism_2": null, "NumSeism_3": "Unknown", "EAC": null, "EACSource": null, "EACComment": "Unknown", "Geomorphic": "Deformed Lower-Middle Pleistocene deposits. Geomorphic anomalies. Fluvial drainage tilted.", "Geomorph_1": "LD", "Geomorph_2": "ITGE (1993), Canora (2005), Canora et al. (2018)", "MaxMagnitu": 0.0, "MaxMagni_1": null, "MaxMagni_2": null, "MaxMagni_3": "Unstated", "Recurrence": 0.0, "Recurren_1": null, "Recurren_2": null, "Recurren_3": "Unstated", "DLME": null, "DLMEError": null, "DLMESource": null, "DLMECommen": "Unknown", "RelatedEar": -1, "Extended_I": "EXTENDED_INFORMATION\\ES600-ES625.rar", "References": "Buforn, E. y Sanz de Galdeano, C. (2001). Focal mechanism of Mula (Murcia, Spain) earthquake of February 2, (1999). Journal of Seismology, 5, 277-280.\n\nBuforn, E., Benito, B., Sanz de Galdeano, C., del Fresno, C., Muñoz, D. and Rodriguez, I. Study of th", "StrengthOf": "B", "MaxMagni_4": null, "SlipRateAc": "C", "Recurren_4": null, "Fault_Trac": "1", "Slip_Rate_": "3", "Activity_D": "3", "OrdenVisua": "117", "BaseDeDato": "QAFI_V.3" }, "geometry": { "type": "MultiLineString", "coordinates": [ [ [ -2.007312778079836, 37.917216069556559 ], [ -1.997356560806452, 37.917986022221555 ], [ -1.989792594886978, 37.919060479284269 ], [ -1.973352611240557, 37.920721845863511 ], [ -1.960751573330469, 37.922035163003329 ], [ -1.949228522568035, 37.923356758710383 ], [ -1.93566943930324, 37.924563895594304 ] ], [ [ -1.946021763247643, 37.921334577553978 ], [ -1.969343667517364, 37.916035286141891 ], [ -2.000115869295996, 37.908896299582807 ], [ -2.044340616819511, 37.898631615984584 ], [ -2.073644744459841, 37.892790390731761 ], [ -2.108534380081653, 37.886007273265967 ] ], [ [ -1.802237680189933, 37.975681043491761 ], [ -1.808138966623858, 37.974127240147652 ], [ -1.817187802689546, 37.97070629748373 ], [ -1.838540797789904, 37.962565509634203 ], [ -1.850231540191771, 37.958693418790688 ], [ -1.865065461035897, 37.953046899887624 ], [ -1.879770081081574, 37.947871897784296 ], [ -1.899601776924783, 37.940369907262209 ], [ -1.91647956468978, 37.933786655728568 ], [ -1.927197629827504, 37.930277594323059 ] ], [ [ -1.638831389426628, 38.047098178387444 ], [ -1.669388256743161, 38.034150747841068 ], [ -1.681369487861616, 38.028590277054889 ], [ -1.688397861013868, 38.024776985945834 ], [ -1.71293919639561, 38.014416609552427 ], [ -1.728532248939985, 38.007751641877405 ], [ -1.737131506693061, 38.003248939946104 ], [ -1.747341154623257, 37.9993451171689 ], [ -1.760381515572817, 37.994578485182558 ], [ -1.77546741937357, 37.98867238296225 ], [ -1.792730792875489, 37.980378857320375 ], [ -1.804959113898178, 37.976669037348984 ] ], [ [ -1.638831389426628, 38.047098178387444 ], [ -1.638251339172427, 38.047091459391766 ] ], [ [ -1.638831389426628, 38.047098178387444 ], [ -1.62071792741358, 38.0539219232748 ], [ -1.609612164533416, 38.058226107630048 ], [ -1.593834564987446, 38.064002742451748 ], [ -1.575510618160195, 38.071275710452369 ], [ -1.551111472100729, 38.082294303484161 ], [ -1.524586248411367, 38.092822278524523 ], [ -1.504697560502279, 38.100217320886088 ], [ -1.493194423134526, 38.104352367796139 ], [ -1.482609986394436, 38.108537695921257 ], [ -1.478364065861285, 38.110523585417525 ], [ -1.473149145625541, 38.112876412999128 ], [ -1.466416607590872, 38.115968571350379 ], [ -1.460601337905587, 38.118265532545308 ], [ -1.454697643529755, 38.121889933875877 ], [ -1.448788347987602, 38.125751259807373 ], [ -1.445626759347533, 38.12751295819578 ], [ -1.443244885488411, 38.129332367865629 ], [ -1.437282417978395, 38.132812712169255 ] ], [ [ -1.276169510286877, 38.127900618566457 ], [ -1.291442424094839, 38.128811969431069 ], [ -1.310579506057877, 38.130082838119961 ], [ -1.319855397692834, 38.13082761221176 ], [ -1.328563075851264, 38.131028328283094 ] ], [ [ -1.333698941172599, 38.130795459018771 ], [ -1.340070302564584, 38.131573853913096 ], [ -1.347214282723542, 38.1324392431452 ], [ -1.354560582686588, 38.132924717812045 ] ], [ [ -1.328823756612621, 38.140819290945558 ], [ -1.343047763406446, 38.136891852026281 ], [ -1.362509864945594, 38.132424120179223 ], [ -1.379823854095889, 38.128688157467764 ], [ -1.40391985883241, 38.124583201303267 ], [ -1.424146117694647, 38.120268488646218 ], [ -1.441657653492882, 38.116067210652261 ], [ -1.456642042489875, 38.11228890963713 ], [ -1.472608355095588, 38.107756807202975 ] ], [ [ -1.271880119716684, 38.163221567069513 ], [ -1.289013470808698, 38.160657996580653 ], [ -1.304249682643217, 38.15895332061956 ], [ -1.321756155846913, 38.156390335397816 ], [ -1.337409665801943, 38.152761574423096 ], [ -1.359872361260557, 38.146559612850865 ], [ -1.380831334988954, 38.140332588654871 ], [ -1.393672756146998, 38.136361184001373 ], [ -1.4118010328786, 38.130682357304636 ], [ -1.431426356530267, 38.125020704003418 ], [ -1.449367879196132, 38.119037251044404 ] ] ] } },
{ "type": "Feature", "properties": { "ID": "ES729", "FaultName": "Socovos (2/2)", "SectionNam": "Calasparra-Cieza", "LocationX": -1.4008, "LocationY": 38.22509999, "Geological": "Betic Range (Murcia)", "Identifica": "Geological/Geomorphological field mapping", "NameOfComp": "García-Mayordomo, J.", "Filiation": "IGME", "EmailCompi": "julian.garcia@igme.es", "Last_Updat": "2015-04-30", "AverageStr": "272", "StrikeErro": "± 5", "StrikeSour": "LD", "StrikeComm": "Baena et al. (1993), Pérez-López et al. (2010), Sánchez-Gómez et al. (2010), Pérez-Valera et al. (2014)", "Dip": "75", "DipError": "± 10", "DipSource": "EJ", "DipComment": "Based on Baena et al. (1993), Pérez-López et al. (2010), Sánchez-Gómez et al. (2010), Pérez-Valera et al. (2014).", "Rake": 90.0, "RakeError": "± 10", "RakeSource": "EJ", "RakeCommen": "Assumed pure reverse. Sánchez-Gómez et al. (2010) interprets the fault zone as a positive flower structure.", "SenseOfMov": "R", "SenseOfM_1": null, "SenseOfM_2": "LD", "SenseOfM_3": "Baena et al. (1993),  Sánchez-Gómez et al. (2010), Pérez-Valera et al. (2014)", "Length": 36.0, "LengthErro": "± 7", "LengthSour": "LD", "LengthComm": "Pérez-Valera et al. (2014) indicates that the fault trace is offset by minor NE-SW system faults.", "MinDepth": 0.0, "MinDepthEr": "± 5", "MinDepthSo": "LD", "MinDepthCo": "Outcrops at the surface. Baena et al. (1993), Pérez-López et al. (2010), Sánchez-Gómez et al. (2010), Pérez-Valera et al. (2014).", "MaxDepth": 15.0, "MaxDepthEr": null, "MaxDepthSo": "LD", "MaxDepthCo": "Given value is seismogenic depth. Fault depth reaches lower crust. Table 4.21 in García-Mayordomo (2005).", "Width": 15.529142712400001, "WidthError": null, "WidthSourc": "AR", "WidthComme": null, "Area": 559.04913764599996, "AreaError": null, "AreaSource": "AR", "AreaCommen": null, "AYDA": "Middle Pleistocene", "AYDAError": "Lower Pleistocene to Holocene", "AYDASource": "LD", "AYDACommet": "Baena et al. (1993), Pérez-López et al. (2010). Pérez-Valera et al. (2014) indicates that parts of the fault trace are covered by undeformed Upper Pleistocene sediments.", "VerticalSl": 0.097, "Vertical_1": "0.077-0.116", "Vertical_2": "AR", "Vertical_3": "From NSR, dip and rake.", "Horizontal": 0.0, "Horizont_1": null, "Horizont_2": "EJ", "Horizont_3": "Pure reverse faulting is assumed.", "NetSlipRat": 0.1, "NetSlipR_1": "0.08-0.12", "NetSlipR_2": "EJ", "NetSlipR_3": "Based on Pérez-López et al. (2010), table 1, for reverse kinematics.", "MaxSlipPer": 0.0, "MaxSlipP_1": null, "MaxSlipP_2": null, "MaxSlipP_3": "Unknown", "NumSeismic": "1 in 5820-3710 yr BP", "NumSeism_1": null, "NumSeism_2": "LD", "NumSeism_3": "Sánchez-Gómez et al. (2011) interpret a roof-collapse in a archeological outcrop 1 km away from the fault trace as due to the occurrence of an earthquake, dated in between 5820-3710 yr BP, from which the most likely source would be the Socovos fault.", "EAC": null, "EACSource": null, "EACComment": "Unknown", "Geomorphic": "Fresh and dramatic surface expression, deformed alluvial fans, possibly deformed colluvial deposits, possible river captures associated to tectonic uplift. Likely association to seismicity.", "Geomorph_1": "LD", "Geomorph_2": "Baena et al. (1993), Pérez-López et al. (2010), Pérez-Valera et al. (2014)", "MaxMagnitu": 6.7, "MaxMagni_1": "± 0.2", "MaxMagni_2": "LD", "MaxMagni_3": "Pérez-López et al (2010) estimated Mw 6.70 from SRL (30 km) using Wells and Coppersmith (1994).", "Recurrence": 20000.0, "Recurren_1": "5000-35000", "Recurren_2": "AR", "Recurren_3": "Pérez et al. (2010) estimated 5000-30000 yrs based on Slemmons (1982).", "DLME": null, "DLMEError": null, "DLMESource": null, "DLMECommen": "Unknown", "RelatedEar": -1, "Extended_I": "EXTENDED_INFORMATION\\ES728-ES729.rar", "References": "Baena et al. (1993) in: ITGE (1993a): Mapa Neotectónico, Sismotectónico y de Actividad de Fallas de la Región de Murcia (Escalas 1:200.000 y 1:100.000) and ITGE (1993b): Fichero de Fallas del Mapa Neotectónico, Sismotectónico y de Actividad de Falla", "StrengthOf": "A", "MaxMagni_4": "B", "SlipRateAc": "C", "Recurren_4": "C", "Fault_Trac": "1", "Slip_Rate_": "3", "Activity_D": "3", "OrdenVisua": "127", "BaseDeDato": "QAFI_V.3" }, "geometry": { "type": "MultiLineString", "coordinates": [ [ [ -1.814541040322289, 38.240803125137234 ], [ -1.80719040687449, 38.239169651037741 ], [ -1.800656510476351, 38.236991685571809 ], [ -1.79058342019595, 38.234813720105706 ], [ -1.781871558331878, 38.234541474422485 ], [ -1.773159696467806, 38.233452491689484 ], [ -1.760364149354918, 38.232363508956389 ], [ -1.750291059074518, 38.231546771906658 ], [ -1.737223266278296, 38.231002280540167 ], [ -1.729600387147276, 38.23045778917367 ], [ -1.708909715219919, 38.230730034856947 ], [ -1.686857814876463, 38.231002280540167 ], [ -1.678962690062107, 38.229641052123959 ], [ -1.670523073881254, 38.228279823707574 ], [ -1.659361000867803, 38.226374103924861 ], [ -1.648743419220962, 38.225557366875137 ], [ -1.630775204126206, 38.222834910042543 ], [ -1.616346182913768, 38.222290418676096 ], [ -1.60355063580088, 38.221745927309598 ], [ -1.591571825737652, 38.220384698893213 ], [ -1.581226489774088, 38.219567961843495 ], [ -1.562441537629556, 38.219295716160218 ], [ -1.55073497324972, 38.219840207526715 ], [ -1.540389637286098, 38.219567961843495 ], [ -1.529908178480837, 38.21820673342728 ], [ -1.522013053666484, 38.217389996377577 ], [ -1.514662420218627, 38.216845505011058 ], [ -1.509217506553594, 38.216301013644404 ], [ -1.49968890763969, 38.216028767961184 ], [ -1.48852683462635, 38.216845505011051 ], [ -1.475050673305269, 38.21793448774406 ], [ -1.470150251006735, 38.219840207526715 ], [ -1.466900786775531, 38.221191364417798 ], [ -1.462916463601195, 38.222168651234263 ], [ -1.45630098361382, 38.222694882596734 ], [ -1.447944267032614, 38.222782926454109 ], [ -1.441923421712334, 38.223126974758095 ], [ -1.437278769608171, 38.223471023062253 ], [ -1.434698407328044, 38.223815071366225 ], [ -1.425753151423705, 38.223815071366239 ], [ -1.421624571775522, 38.223815071366232 ], [ -1.416119798911223, 38.224675192126263 ], [ -1.411475146807061, 38.225191264582115 ], [ -1.406658470550792, 38.225191264582122 ], [ -1.400799999887293, 38.225099998419537 ] ], [ [ -1.679473841432739, 38.254049899328052 ], [ -1.669134749362725, 38.25326959049255 ], [ -1.655674421950649, 38.253659744910294 ], [ -1.645920561507223, 38.250733586777244 ], [ -1.637337164316972, 38.250928663986201 ], [ -1.626802995038002, 38.249953277941927 ], [ -1.620950678771901, 38.247612351435407 ], [ -1.610026355075244, 38.247417274226457 ], [ -1.594615255574503, 38.247807428644194 ], [ -1.577643538402788, 38.246636965391133 ], [ -1.566133983079486, 38.246051733764375 ] ] ] } },
{ "type": "Feature", "properties": { "ID": "ES728", "FaultName": "Socovos (1/2)", "SectionNam": "Socovos-Calasparra", "LocationX": -1.72680662, "LocationY": 38.23370362, "Geological": "Betic Range (Albacete-Murcia)", "Identifica": "Geological/Geomorphological field mapping", "NameOfComp": "García-Mayordomo, J.", "Filiation": "IGME", "EmailCompi": "julian.garcia@igme.es", "Last_Updat": "2015-04-30", "AverageStr": "295", "StrikeErro": "± 5", "StrikeSour": "LD", "StrikeComm": "Baena et al. (1993), Pérez-López et al. (2010), Sánchez-Gómez et al. (2010), Pérez-Valera et al. (2014)", "Dip": "85", "DipError": "± 5", "DipSource": "EJ", "DipComment": "Subvertical. Based on Baena et al. (1993), Pérez-López et al. (2010), Sánchez-Gómez et al. (2010), Pérez-Valera et al. (2014).", "Rake": 180.0, "RakeError": "± 10", "RakeSource": "LD", "RakeCommen": "Dextral since Tortonian ( Baena et al., 1993). Pérez-López et al. (2010), Sánchez-Gómez et al. (2010), Pérez-Valera et al. (2014).", "SenseOfMov": "D", "SenseOfM_1": "± 10", "SenseOfM_2": "LD", "SenseOfM_3": "Dextral since Tortonian (Baena et al., 1993). Pérez-López et al. (2010), Sánchez-Gómez et al. (2010), Pérez-Valera et al. (2014).", "Length": 53.0, "LengthErro": "± 2", "LengthSour": "EJ", "LengthComm": "Based on Baena et al (1993), Pérez-López et al (2010) and Sánchez-Gómez et al. (2010). These last authors consider Socovos fault divided into three distinct sectors: Molinicos (15 km), Abejuela (36 km) and Calasparra (28 km)", "MinDepth": 0.0, "MinDepthEr": "± 5", "MinDepthSo": "LD", "MinDepthCo": "Outcrops at the surface. Baena et al. (1993), Pérez-López et al. (2010), Sánchez-Gómez et al. (2010), Pérez-Valera et al. (2014)", "MaxDepth": 15.0, "MaxDepthEr": null, "MaxDepthSo": "LD", "MaxDepthCo": "Given value is seismogenic depth. Fault depth reaches lower crust. Table 4.21 in García-Mayordomo (2005).", "Width": 15.057297565400001, "WidthError": null, "WidthSourc": "AR", "WidthComme": null, "Area": 798.03677096499996, "AreaError": null, "AreaSource": "AR", "AreaCommen": null, "AYDA": "Upper Pleistocene", "AYDAError": "Lower Pleistocene to Upper Pleistocene", "AYDASource": "LD", "AYDACommet": "Based on Baena et al. (1993) and Pérez-Varela et al. (2014). Radiometric dating is necessary.", "VerticalSl": 0.0, "Vertical_1": null, "Vertical_2": "EJ", "Vertical_3": "Pure dextral strike-slip assumed", "Horizontal": 0.1, "Horizont_1": "0.04-0.15", "Horizont_2": "EJ", "Horizont_3": "Based on Pérez-Valera et al. (2014) estimation at the Abejuela sector: 0.10-0.15 m/ka. Pérez et al. (2010) estimates 0.04 m/ka. Sánchez-Gómez et al. (2010) estimates 0.9-0.3 m/ka since Upper Miocene.", "NetSlipRat": 0.1, "NetSlipR_1": "0.04-0.15", "NetSlipR_2": "EJ", "NetSlipR_3": "Pure dextral strike-slip assumed", "MaxSlipPer": 0.0, "MaxSlipP_1": null, "MaxSlipP_2": null, "MaxSlipP_3": "Unknown", "NumSeismic": null, "NumSeism_1": null, "NumSeism_2": null, "NumSeism_3": "Unknown", "EAC": null, "EACSource": null, "EACComment": "Unknown", "Geomorphic": "Deformed Upper Pliocene and Lower Pleistocene geomorphic levels (travertines and alluvial fans). Consistent surface expression. Likely association to seismicity. Secondary faults affect Upper Pleistocene sediments.", "Geomorph_1": "LD", "Geomorph_2": "Baena et al. (1993), Pérez-López et al. (2010), Sánchez-Gómez et al. (2010), Pérez-Varela et al. (2014).", "MaxMagnitu": 6.8, "MaxMagni_1": "± 0.28", "MaxMagni_2": "LD", "MaxMagni_3": "Pérez-López et al (2010) estimated Mw 6.80 from SRL (40 km) using Wells and Coppersmith (1994) for strike-slip faults.", "Recurrence": 45000.0, "Recurren_1": "60000-30000", "Recurren_2": "LD", "Recurren_3": "Pérez et al. (2010) estimated 60000-30000 yrs based on Slemmons (1982).", "DLME": null, "DLMEError": null, "DLMESource": null, "DLMECommen": "Unknown", "RelatedEar": -1, "Extended_I": "EXTENDED_INFORMATION\\ES728-ES729.rar", "References": "Baena et al. (1993) in: ITGE (1993a): Mapa Neotectónico, Sismotectónico y de Actividad de Fallas de la Región de Murcia (Escalas 1:200.000 y 1:100.000) and ITGE (1993b): Fichero de Fallas del Mapa Neotectónico, Sismotectónico y de Actividad de Falla", "StrengthOf": "A", "MaxMagni_4": "B", "SlipRateAc": "C", "Recurren_4": "C", "Fault_Trac": "1", "Slip_Rate_": "3", "Activity_D": "2", "OrdenVisua": "126", "BaseDeDato": "QAFI_V.3" }, "geometry": { "type": "MultiLineString", "coordinates": [ [ [ -1.726806640624989, 38.23370361328125 ], [ -1.739685058593739, 38.23907470703125 ], [ -1.752624511718741, 38.243896484374993 ], [ -1.765625, 38.24871826171875 ], [ -1.778991699218741, 38.25390625 ], [ -1.792175292968743, 38.259094238281243 ], [ -1.796875, 38.26068115234375 ], [ -1.818115234374993, 38.26788330078125 ], [ -1.848815917968743, 38.2802734375 ], [ -1.871582031249995, 38.290527343750007 ], [ -1.890686035156247, 38.29730224609375 ], [ -1.898614633914419, 38.300800825488466 ] ], [ [ -1.847412109374995, 38.267089843750007 ], [ -1.838684082031244, 38.262695312500007 ], [ -1.827880859374994, 38.257690429687507 ], [ -1.817504882812493, 38.254089355468764 ], [ -1.805786132812493, 38.250122070312514 ] ] ] } },
{ "type": "Feature", "properties": { "ID": "ES610", "FaultName": "Palomares (2/2)", "SectionNam": "Sierra de Almenara - Sierra de Hinojar", "LocationX": -1.73936299, "LocationY": 37.44305338, "Geological": "Betic Range (Murcia)", "Identifica": "Geological/Geomorphological field mapping", "NameOfComp": "Gómez-Novell, O., Martín-Banda, R., García-Mayordomo, J.", "Filiation": "UB and IGME", "EmailCompi": "octgomez@ub.edu", "Last_Updat": "2021-07-19", "AverageStr": "037", "StrikeErro": "+ 15 / - 10", "StrikeSour": "LD", "StrikeComm": "Northern termination of Palomares Fault Zone, strike varies from N-S to NE-SW and ENE-WSW. García-Mayordomo (2005), p. 169. Cartographic trace of the fault has been revised in 10/2013 (Martín-Banda,  Pers. Com.).", "Dip": "90", "DipError": null, "DipSource": "LD", "DipComment": "García-Mayordomo (2005) table 4.21. To apply right hand rule dip is considered towards E and S.", "Rake": 10.0, "RakeError": "10-11", "RakeSource": "LD", "RakeCommen": "Striae measurements at La Escarihuela site (Roquero et al., 2019).", "SenseOfMov": "S", "SenseOfM_1": "S to RS", "SenseOfM_2": "LD", "SenseOfM_3": "Roquero et al. (2019)", "Length": 25.0, "LengthErro": "± 1", "LengthSour": "EJ", "LengthComm": "Observed on the Neotectonic, Seismotectonic and Activity of Faults Map of the Región de Murcia (ITGE, 1993a) after reviewing the cartographic trace in 10/2013 (Martín-Banda, Pers. Com.).", "MinDepth": 0.0, "MinDepthEr": null, "MinDepthSo": "LD", "MinDepthCo": "Outcrops at the surface (García-Mayordomo, 2005; Roquero et al., 2019).", "MaxDepth": 8.0, "MaxDepthEr": null, "MaxDepthSo": "LD", "MaxDepthCo": "Given value is the depth of the fragile crust. The fault depth is mantelic. García-Mayordomo (2005), table 4.21.", "Width": 8.0, "WidthError": null, "WidthSourc": "AR", "WidthComme": null, "Area": 240.0, "AreaError": null, "AreaSource": "AR", "AreaCommen": null, "AYDA": "40 ka", "AYDAError": "±25 ka", "AYDASource": "LD", "AYDACommet": "Constrained between OIS 4 - OIS 2 (Roquero et al., 2019)", "VerticalSl": 0.04, "Vertical_1": "0.01-0.08", "Vertical_2": "LD", "Vertical_3": "Associated from the Carboneras-Sierra de Almenara segment and by comparison to other active faults in the area (Tables 3.12 and 3.13 and Fig. 3.29 in García-Mayordomo, 2005).", "Horizontal": 0.24, "Horizont_1": "0.05-0.41", "Horizont_2": "AR", "Horizont_3": "Gómez-Novell (2021) from NSR and 10-11º rake", "NetSlipRat": 0.24, "NetSlipR_1": "0.05-0.42", "NetSlipR_2": "AR", "NetSlipR_3": "Gómez-Novell (2021) from VSR, subvertical dip and 10-11º rake", "MaxSlipPer": 0.0, "MaxSlipP_1": null, "MaxSlipP_2": null, "MaxSlipP_3": "Unknown", "NumSeismic": null, "NumSeism_1": null, "NumSeism_2": null, "NumSeism_3": "Unknown", "EAC": null, "EACSource": null, "EACComment": "Unknown", "Geomorphic": "Deformation in Lower-Upper Pleistocene alluvial fans", "Geomorph_1": "LD", "Geomorph_2": "Silva (1994) in García-Mayordomo (2005) p. 169; Roquero et al. (2019).", "MaxMagnitu": 0.0, "MaxMagni_1": null, "MaxMagni_2": null, "MaxMagni_3": "Unstated", "Recurrence": 0.0, "Recurren_1": null, "Recurren_2": null, "Recurren_3": "Unstated", "DLME": null, "DLMEError": null, "DLMESource": null, "DLMECommen": "Unknown", "RelatedEar": 0, "Extended_I": "EXTENDED_INFORMATION\\ES600-ES625.rar", "References": "Booth-Rea, G., Azañón, J.M., Azor, A., García-Dueñas, V. (2004). Influence of strike-slip fault segmentation on drainage evolution and topography. A case study: the Palomares Fault Zone (southeastern Betics, Spain). Journal of Structural Geology, 26,", "StrengthOf": "C", "MaxMagni_4": null, "SlipRateAc": "C", "Recurren_4": null, "Fault_Trac": "2", "Slip_Rate_": "3", "Activity_D": "2", "OrdenVisua": "191", "BaseDeDato": "QAFI_V.3" }, "geometry": { "type": "MultiLineString", "coordinates": [ [ [ -1.714565110323494, 37.427310900904402 ], [ -1.71450582272153, 37.427655616083996 ], [ -1.714435866741608, 37.428111054094359 ], [ -1.714374153795399, 37.428567249285337 ], [ -1.714320696868453, 37.429024106772459 ], [ -1.714275507229763, 37.429481531531678 ], [ -1.714238594429539, 37.429939428419267 ], [ -1.714209966296818, 37.430397702191485 ], [ -1.714189628937814, 37.430856257524681 ], [ -1.714177586734569, 37.431314999034775 ], [ -1.71417384234391, 37.431773831297264 ], [ -1.714178396696669, 37.432232658867122 ], [ -1.714191248997462, 37.432691386298458 ], [ -1.714212396724729, 37.433149918164546 ], [ -1.714241835631059, 37.43360815907765 ], [ -1.714279559743996, 37.43406601370878 ], [ -1.714325561367175, 37.434523386807477 ], [ -1.71437983108174, 37.434980183221967 ], [ -1.714442357748264, 37.435436307918543 ], [ -1.714513128508815, 37.435891666001623 ], [ -1.714592128789606, 37.436346162733265 ], [ -1.714679342303896, 37.436799703553241 ], [ -1.714774751055244, 37.437252194098306 ], [ -1.714883985673558, 37.437393903942478 ], [ -1.714985709237735, 37.437539125145094 ], [ -1.715079744489841, 37.437687604715222 ], [ -1.715165927562837, 37.43783908398408 ], [ -1.715244108266468, 37.437993299055407 ], [ -1.715314150348872, 37.438149981265141 ], [ -1.715375931734678, 37.438308857649467 ], [ -1.715429344737706, 37.438469651420071 ], [ -1.715474296248948, 37.438632082446688 ], [ -1.715510707899362, 37.438795867744602 ], [ -1.715538516196375, 37.438960721967973 ], [ -1.715557672635424, 37.439126357906773 ], [ -1.715568143784343, 37.439292486987206 ], [ -1.715569911342298, 37.439458819774295 ], [ -1.715562972171903, 37.43962506647641 ], [ -1.715547338305339, 37.439790937449942 ], [ -1.71564013685058, 37.440621497995011 ], [ -1.715725034815748, 37.441452595669261 ], [ -1.715802027056495, 37.442284182684034 ], [ -1.715871108882476, 37.443116211221081 ], [ -1.715932276058004, 37.443948633435163 ], [ -1.715985524802049, 37.444781401456808 ], [ -1.716030851788706, 37.44561446739506 ], [ -1.71606825414737, 37.44644778334029 ], [ -1.715983235216895, 37.446958404440778 ], [ -1.715889412666479, 37.447468044598011 ], [ -1.715786804078416, 37.447976607337473 ], [ -1.71567542869925, 37.448483996386763 ], [ -1.715555307436387, 37.448990115693569 ], [ -1.71542646285435, 37.449494869444244 ], [ -1.715288919170592, 37.449998162081741 ], [ -1.71514270225083, 37.45049989832367 ], [ -1.714987839604813, 37.450999983180459 ], [ -1.714824360380504, 37.451498321973439 ], [ -1.714652295359409, 37.451994820352539 ], [ -1.714471676950304, 37.452489384314468 ], [ -1.714282539183581, 37.452981920220282 ], [ -1.714084917704682, 37.453472334813306 ], [ -1.71387884976769, 37.453960535236718 ], [ -1.713664374228253, 37.454446429051217 ], [ -1.713425310823407, 37.455239211841779 ], [ -1.713177588290785, 37.456030303658601 ], [ -1.712921225175343, 37.456819644411375 ], [ -1.712656240680396, 37.457607174140747 ], [ -1.712382654665948, 37.458392833023417 ], [ -1.712100487647456, 37.459176561376111 ], [ -1.711809760794249, 37.459958299660563 ], [ -1.711510495928015, 37.460737988487843 ], [ -1.711202715521264, 37.461515568622914 ], [ -1.710886442695586, 37.462290980989081 ], [ -1.71056170122013, 37.463064166672837 ], [ -1.7102285155097, 37.463835066927736 ], [ -1.709886910623085, 37.464603623179549 ], [ -1.709536912261179, 37.465369777030219 ], [ -1.709178546765159, 37.466133470262548 ], [ -1.708811841114374, 37.466894644844693 ], [ -1.708436822924688, 37.467653242934418 ], [ -1.70805352044615, 37.468409206883635 ], [ -1.707661962560994, 37.469162479242684 ], [ -1.707262178781573, 37.469913002764905 ], [ -1.706854199248157, 37.470660720410784 ], [ -1.706438054726694, 37.471405575352456 ], [ -1.706013776606517, 37.47214751097809 ], [ -1.699919833436895, 37.483575508534067 ], [ -1.693410743525147, 37.497890352692814 ], [ -1.692988505887506, 37.498795973746155 ], [ -1.692558516848696, 37.499699277955763 ], [ -1.692120796166511, 37.500600223233583 ], [ -1.691675363961224, 37.501498767600211 ], [ -1.691222240714622, 37.502394869186446 ], [ -1.690761447269187, 37.503288486235704 ], [ -1.690293004827157, 37.504179577105582 ], [ -1.68981693494956, 37.50506810027003 ], [ -1.689333259555274, 37.505954014321198 ], [ -1.68884200091997, 37.506837277971464 ], [ -1.688343181675216, 37.507717850055286 ], [ -1.687836824807441, 37.508595689531234 ], [ -1.687322953656874, 37.509470755483811 ], [ -1.686801591916536, 37.510343007125449 ], [ -1.686272763631124, 37.511212403798325 ], [ -1.685736493195973, 37.512078904976413 ], [ -1.68519280535595, 37.512942470267355 ], [ -1.684641725204351, 37.513803059414201 ], [ -1.684083278181705, 37.514660632297534 ], [ -1.683517490074756, 37.515515148937126 ], [ -1.682944387015143, 37.516366569493997 ], [ -1.682363995478304, 37.51721485427224 ], [ -1.674695440792471, 37.529997418284751 ], [ -1.656023286742316, 37.555922813890454 ], [ -1.623577750053437, 37.585310177600846 ], [ -1.582858646564155, 37.614742682467494 ] ], [ [ -1.739362991964633, 37.443053380935744 ], [ -1.730812179800441, 37.463091715519745 ], [ -1.720125329007557, 37.486297384083443 ], [ -1.712057434971237, 37.502302267668981 ], [ -1.695837563352408, 37.528900583477999 ], [ -1.68979444325405, 37.53884972132024 ], [ -1.68122244385746, 37.549438033047558 ], [ -1.661460933008081, 37.567907391186303 ], [ -1.647921358788826, 37.579787184845991 ], [ -1.615313417186163, 37.606951101803318 ] ], [ [ -1.750458213423555, 37.460723598617164 ], [ -1.721294886727081, 37.515387025167996 ] ] ] } },
{ "type": "Feature", "properties": { "ID": "ES604", "FaultName": "Crevillente (Sector Alicante) (1/3)", "SectionNam": "Abanilla - Río Vinalopó", "LocationX": -0.752, "LocationY": 38.324, "Geological": "Betic Range (Alicante-Murcia)", "Identifica": "Geological/Geomorphological field mapping and modelling", "NameOfComp": "Martín-Rojas, I., Alfaro, P., Estévez, A., García-Mayordomo, J.", "Filiation": "Universidad de Alicante, IGME", "EmailCompi": "Ivan.Martin@ua.es", "Last_Updat": "2015-05-04", "AverageStr": "250", "StrikeErro": "+ 3 / - 2", "StrikeSour": "LD", "StrikeComm": "Martín-Rojas et al. (2014ab, 2015)", "Dip": "65", "DipError": "40-90", "DipSource": "LD", "DipComment": "Dip varies along strike. Martín-Rojas et al. (2014ab, 2015)", "Rake": 80.0, "RakeError": null, "RakeSource": "LD", "RakeCommen": "Reverse kinematics with a minor sinistral component.  Martín-Rojas et al. (2014ab, 2015)", "SenseOfMov": "R", "SenseOfM_1": "SR - ANT", "SenseOfM_2": "LD", "SenseOfM_3": "Anticline-syncline par. Martín-Rojas et al. (2014ab, 2015)", "Length": 30.0, "LengthErro": null, "LengthSour": "LD", "LengthComm": "Martín-Rojas et al. (2014ab, 2015)", "MinDepth": 0.0, "MinDepthEr": null, "MinDepthSo": "LD", "MinDepthCo": "Outcrops at the surface, though it is blind in its eastern end. Martín-Rojas et al. (2014ab, 2015)", "MaxDepth": 15.0, "MaxDepthEr": null, "MaxDepthSo": "LD", "MaxDepthCo": "Table 4.21 in García-Mayordomo (2005)", "Width": 16.5506687944, "WidthError": null, "WidthSourc": "AR", "WidthComme": null, "Area": 496.52006383299999, "AreaError": null, "AreaSource": "AR", "AreaCommen": null, "AYDA": "Upper Pleistocene", "AYDAError": null, "AYDASource": "LD", "AYDACommet": "ITGE (1993), Goy y Zazo (1989) in García-Mayordomo (2005) p.146. Martín-Rojas et al (2014ab,2015) argue that during the Quaternary activity migrates southwards to the Bajo Segura Fault Zone.", "VerticalSl": 0.05, "Vertical_1": "0.03-0.07", "Vertical_2": "LD", "Vertical_3": "Silva et al. (2003) mountain front classification in García-Mayordomo (2005)", "Horizontal": 0.01, "Horizont_1": "0.006-0.014", "Horizont_2": "AR", "Horizont_3": "From NSR and rake. Alfaro et al. (2014ab) and Sánchez-Alzola et al. (2014) indicate 0.44-0.75 mm/yr from GPS data. Considering that the main fault kinematics is reverse, this value may be an overestimation.", "NetSlipRat": 0.056, "NetSlipR_1": "0.034-0.078", "NetSlipR_2": "AR", "NetSlipR_3": "From dip, rake and VSR.", "MaxSlipPer": 0.0, "MaxSlipP_1": null, "MaxSlipP_2": null, "MaxSlipP_3": "Unknown", "NumSeismic": null, "NumSeism_1": null, "NumSeism_2": null, "NumSeism_3": "Unknown", "EAC": null, "EACSource": null, "EACComment": "Unknown", "Geomorphic": "Affects Upper and Middle Pleistocene alluvial fans. Folded travertine in Abanilla village and folded alluvial fan deposits in Rambla de la Lima (N of La Murada village).", "Geomorph_1": "LD", "Geomorph_2": "ITGE (1993, record 65), Goy y Zazo (1989) in García-Mayordomo (2005) p.146, and Martin-Rojas et al. (2014ab).", "MaxMagnitu": 0.0, "MaxMagni_1": null, "MaxMagni_2": null, "MaxMagni_3": "Unstated", "Recurrence": 0.0, "Recurren_1": null, "Recurren_2": null, "Recurren_3": "Unstated", "DLME": null, "DLMEError": null, "DLMESource": null, "DLMECommen": "Unknown", "RelatedEar": -1, "Extended_I": "EXTENDED_INFORMATION\\ES600-ES625.rar", "References": "Alfaro, P., Martín-Rojas, I., Estévez, A., García-Tortosa, F.J., Sánchez-Alzola, A., Borque, M.J., Rodríguez-Caderot, G., de Lacy. C., García-Armenteros, J.A., Avilés, M., Herrera-Olmo, A., Molina, S., Rosa-Cintas, S., and Gil, A.J. (2014). Red GP", "StrengthOf": "B", "MaxMagni_4": null, "SlipRateAc": "C", "Recurren_4": null, "Fault_Trac": "1", "Slip_Rate_": "3", "Activity_D": "2", "OrdenVisua": "118", "BaseDeDato": "QAFI_V.3" }, "geometry": { "type": "MultiLineString", "coordinates": [ [ [ -1.037471675480845, 38.208413379587704 ], [ -1.037030002555924, 38.208488249267951 ], [ -1.036211139067829, 38.208599722526564 ], [ -1.035069545385048, 38.208745126929813 ], [ -1.034123339562364, 38.208872335167079 ], [ -1.033809094408042, 38.208927868963528 ], [ -1.03311409499075, 38.209152263296474 ], [ -1.032557704983846, 38.209278838876394 ], [ -1.032066282242681, 38.209349279290706 ], [ -1.031630574237859, 38.209370582926013 ], [ -1.030876228072761, 38.209322957836839 ], [ -1.030407891069754, 38.209328610155708 ], [ -1.029718084102465, 38.209359947223973 ], [ -1.028965115542726, 38.209386001172696 ], [ -1.028689540397547, 38.209514339954296 ], [ -1.02852354485626, 38.209618842570116 ], [ -1.028359478293671, 38.209651849918657 ], [ -1.028250743692726, 38.209650023016799 ], [ -1.028159359675724, 38.209677098525482 ], [ -1.028013801241398, 38.209696110886313 ], [ -1.027933022203854, 38.209666142478156 ], [ -1.027806551175795, 38.209649711622504 ], [ -1.02761742380239, 38.209603616590272 ], [ -1.02754879461393, 38.209459408240711 ], [ -1.027397456933903, 38.209356726075789 ], [ -1.027370466447648, 38.20934911964207 ], [ -1.02722510156176, 38.209360981540001 ], [ -1.027161673339158, 38.209359915253415 ], [ -1.027062000424677, 38.209358239591005 ], [ -1.026933985507149, 38.209399003783552 ], [ -1.026878653001057, 38.20943383716876 ], [ -1.026797102365482, 38.209432465979731 ], [ -1.02668104497739, 38.209366139819423 ], [ -1.026610486735163, 38.209293425920571 ], [ -1.026439676556331, 38.209240484279405 ], [ -1.026168035073196, 38.209228762939212 ], [ -1.026023636148749, 38.209204875887288 ], [ -1.025879044142146, 38.209188138151781 ], [ -1.025725004668063, 38.209185546782919 ], [ -1.025461845043466, 38.209195424726126 ], [ -1.025256702512143, 38.20940655510914 ], [ -1.025017633258592, 38.20953128126699 ], [ -1.02467021543926, 38.209639877722381 ], [ -1.024449266874699, 38.209764907713279 ], [ -1.02417395021911, 38.209889021908644 ], [ -1.02395493385225, 38.209942556091931 ], [ -1.023664974555307, 38.209937673220125 ], [ -1.023501485637846, 38.209949225251314 ], [ -1.023175668400743, 38.209929431751178 ], [ -1.023104726300922, 38.209871014788732 ], [ -1.022842177149683, 38.209523260214432 ], [ -1.022681785066943, 38.2094204194809 ], [ -1.022302377728137, 38.209371109655358 ], [ -1.021958054106684, 38.209365306391483 ], [ -1.021134805190914, 38.209637536627767 ], [ -1.020643177399746, 38.209715078289776 ], [ -1.020152323645048, 38.209764019997053 ], [ -1.019752468795421, 38.209800189763357 ], [ -1.018957697519492, 38.210358994428475 ], [ -1.018575080980314, 38.211096418906457 ], [ -1.016493969384925, 38.213621938377685 ], [ -1.015870398330403, 38.213883200247032 ], [ -1.015303524168969, 38.21405958496549 ], [ -1.014940279384858, 38.21408205175257 ], [ -1.014613669842501, 38.214090831794685 ], [ -1.014431658658866, 38.214116363128788 ], [ -1.013469952843278, 38.214143003059988 ], [ -1.012197814549848, 38.214250209604863 ], [ -1.010467135568912, 38.214549905139606 ], [ -1.008696298342478, 38.214991947857555 ], [ -1.006594705570529, 38.216258060232541 ], [ -1.005479781207445, 38.216582445301675 ], [ -1.004598896416301, 38.216968021337259 ], [ -1.00314624180857, 38.21704344834599 ], [ -1.002199492456361, 38.217184693202711 ], [ -1.001740524115202, 38.21739145952715 ], [ -1.001360025527506, 38.217496368856345 ], [ -1.001311818404254, 38.217770285347491 ], [ -1.001277562081285, 38.217964930916104 ], [ -1.000931097986655, 38.218688732507644 ], [ -1.000100406004398, 38.219070233251919 ], [ -0.999879779760524, 38.219180916100441 ], [ -0.999550797467446, 38.219275445906433 ], [ -0.999366810559459, 38.21937244698865 ], [ -0.999236805090996, 38.219484673619263 ], [ -0.99910719097348, 38.219582601367179 ], [ -0.998886953520126, 38.219678983530883 ], [ -0.998610774236325, 38.219831632750839 ], [ -0.998482334309242, 38.219886663603539 ], [ -0.998334201903532, 38.219998580002766 ], [ -0.998130911055961, 38.220138166006826 ], [ -0.997855120497229, 38.220276514630996 ], [ -0.997688469546957, 38.220402419612611 ], [ -0.99761244198925, 38.2205298708516 ], [ -0.9971518713989, 38.22079381300081 ], [ -0.996820917462704, 38.220959828344903 ], [ -0.996563638578944, 38.221084184479743 ], [ -0.996325268420158, 38.221180252129535 ], [ -0.995851273164033, 38.22127229506961 ], [ -0.995448599220498, 38.221408470690314 ], [ -0.995135371243956, 38.22158908940073 ], [ -0.994785891594006, 38.221769087751518 ], [ -0.994529784568231, 38.221850543192282 ], [ -0.994073515315662, 38.221957187212823 ], [ -0.993690923864552, 38.222022173072482 ], [ -0.993304795476715, 38.222215845681283 ], [ -0.992883986694735, 38.222351702227634 ], [ -0.99262787565834, 38.222433153393027 ], [ -0.990802766565502, 38.222859688250608 ], [ -0.989381120247986, 38.223121444082288 ], [ -0.988307786192451, 38.223246100971075 ], [ -0.987473625641421, 38.223246102092816 ], [ -0.986764765905582, 38.223305468705533 ], [ -0.986401864430249, 38.223313546963197 ], [ -0.985871496363015, 38.223476108670368 ], [ -0.985468792989185, 38.223612249129481 ], [ -0.985102733621467, 38.223734712072662 ], [ -0.98456841323339, 38.224040253602524 ], [ -0.983963165198005, 38.224287352539648 ], [ -0.983720030968237, 38.224554976726516 ], [ -0.983432031531393, 38.224969651391696 ], [ -0.983225290066783, 38.225013782614113 ], [ -0.983163817716222, 38.225050873632696 ], [ -0.983088944912238, 38.225135418810041 ], [ -0.982942095414097, 38.225199652824678 ], [ -0.982808119576238, 38.225235497253479 ], [ -0.982686490846286, 38.225262016902761 ], [ -0.982369676266045, 38.225351938616619 ], [ -0.982172646143772, 38.22548206710043 ], [ -0.981989279992152, 38.225555208817667 ], [ -0.981925512788464, 38.22558718239749 ] ], [ [ -1.037524044509342, 38.208473421672075 ], [ -1.03734146865693, 38.208789105871922 ], [ -1.037409296155768, 38.209076350357165 ], [ -1.037407055504466, 38.209159761672844 ], [ -1.037358868560845, 38.209266247091186 ], [ -1.037297500101284, 38.209300984500786 ], [ -1.037219749034557, 38.209383132891425 ], [ -1.037143278351357, 38.209417617625952 ], [ -1.037096051286759, 38.209488355218852 ], [ -1.037004158192279, 38.209534503150522 ], [ -1.037001917041805, 38.209617914439455 ], [ -1.037015418326784, 38.209677746547769 ], [ -1.037014137671268, 38.20972541014072 ], [ -1.037026998656503, 38.209809074043669 ], [ -1.037069423667254, 38.209917074965581 ], [ -1.037050799734554, 38.210047897231632 ], [ -1.036986548903369, 38.210189877528478 ], [ -1.036923898740511, 38.210272278298305 ], [ -1.036906875376399, 38.210343521043704 ], [ -1.036949940849694, 38.210427690210835 ], [ -1.037082339480699, 38.210561038658192 ], [ -1.037155609903592, 38.210645712977573 ], [ -1.037333956574924, 38.210755987164781 ], [ -1.037422009727979, 38.210852829807486 ], [ -1.037448693271374, 38.210984409831831 ], [ -1.037369019763574, 38.211138053644156 ], [ -1.037307009430599, 38.211196622800784 ], [ -1.037244358708825, 38.211279023714788 ], [ -1.037258180584504, 38.21132693989621 ], [ -1.037315709203234, 38.211435193329486 ] ] ] } },
{ "type": "Feature", "properties": { "ID": "ES615", "FaultName": "Carrascoy (1/2)", "SectionNam": "Southwest (Algezares-Casas Nuevas fault)", "LocationX": -1.322, "LocationY": 37.877, "Geological": "Betic Range (Murcia)", "Identifica": "Geological/Geomorphological field mapping and paleoseismic work.", "NameOfComp": "Martín-Banda, R., García-Mayordomo, J., Insua-Arévalo, J.M.", "Filiation": "IGME and UCM", "EmailCompi": "r.martin@igme.es", "Last_Updat": "2021-03-23", "AverageStr": "060", "StrikeErro": "±5", "StrikeSour": "LD", "StrikeComm": "Baena et al. (1993); Silva (1994); Sanz de Galdeano et al. (1998); Silva et al. (2003); Formed by two strands: Carrascoy and Algezares-Casas Nuevas faults (Martín-Banda et al., 2015; Martín-Banda, 2020).", "Dip": "30", "DipError": "±10", "DipSource": "LD", "DipComment": "Measured in outcrop of Algezares-Casas Nuevas fault (Martín-Banda et al., 2015; Martín-Banda, 2020)", "Rake": 80.0, "RakeError": "75-100", "RakeSource": "LD", "RakeCommen": "Measured in outcrop of Algezares-Casas Nuevas fault (Martín-Banda et al., 2015; Martín-Banda, 2020)", "SenseOfMov": "R", "SenseOfM_1": "R to RS", "SenseOfM_2": "LD", "SenseOfM_3": "Since Middle Pleistocene (c. 217.4 ka) the activity progressively migrates northwards from the Carrascoy fault to the Algezares-Casas Nuevas fault, that shows an almost pure reverse kinematics (Martín-Banda et al., 2015; Martín-Banda, 2020).", "Length": 23.0, "LengthErro": "±2", "LengthSour": "LD", "LengthComm": "Based on Martín-Banda et al. (2015), Martín-Banda (2020)", "MinDepth": 0.0, "MinDepthEr": null, "MinDepthSo": "LD", "MinDepthCo": "Fault trace is mostly blind along strike, but it has been observed at road cuts as well as in trenches dug for paleoseismological investigation (Martín-Banda et al., 2015; Martín-Banda, 2020).", "MaxDepth": 12.0, "MaxDepthEr": null, "MaxDepthSo": "EJ", "MaxDepthCo": "Given value is the depth of the fragile crust. The fault depth reaches the lower crust. García-Mayordomo (2005), table 4.21.", "Width": 24.0000000249, "WidthError": null, "WidthSourc": "AR", "WidthComme": null, "Area": 552.00000057199998, "AreaError": null, "AreaSource": "AR", "AreaCommen": null, "AYDA": "2.75-2.55 ky BP", "AYDAError": null, "AYDASource": "LD", "AYDACommet": "The youngest event is after 2750 BP (Buenavista outcrop) from radiocarbon and OSL dating at paleoseismic trenches and outcrops (Martín-Banda et al., 2015; Martín-Banda, 2020).", "VerticalSl": 0.185, "Vertical_1": "±0.08", "Vertical_2": "AR", "Vertical_3": "VSR of the reverse Algezares-Casas Nuevas Fault for the last 210 ka (Martín-Banda et al., 2015; Martín-Banda, 2020).", "Horizontal": 0.0, "Horizont_1": "±0.03", "Horizont_2": "LD", "Horizont_3": "The left-stepping en échelon pattern of the reverse Algezares-Casas Nuevas fault suggests an unquantified overall left-lateral component (Martín-Banda et al., 2015).", "NetSlipRat": 0.37, "NetSlipR_1": "±0.08", "NetSlipR_2": "LD", "NetSlipR_3": "NSR of the reverse Algezares-Casas Nuevas Fault for the last 210 ka from direct measurements at trenches and absolute dating of deposits in the El Palmar area and Buenavista outcrop (Martín-Banda et al., 2015; Martín-Banda, 2020).", "MaxSlipPer": 1.19, "MaxSlipP_1": "±0.14", "MaxSlipP_2": "LD", "MaxSlipP_3": "Estimated in the linking area with NE segment (Buenavista outcrop) (Martín-Banda et al., 2015; Martín-Banda, 2020).", "NumSeismic": "2  in 6.9±1.8 ky", "NumSeism_1": "2-1", "NumSeism_2": "LD", "NumSeism_3": "Two events identified at Buenavista outcrop during the last 6 ka (Martín-Banda et al., 2015) and interpreted as complete ruptures of Fault System of Carrascoy Range (Carrascoy and Los Tollos faults) (Martín-Banda, 2020).", "EAC": "no", "EACSource": "EJ", "EACComment": null, "Geomorphic": "Fault scarps and folds (forebergs) in Upper Pleistocene and Holocene alluvial fans. The Carrascoy fault controlling the main mountain front also shows Quaternary activity, but since 217.4 ka it progressively migrates to the Algezares-Casas Nuevas fault.", "Geomorph_1": "LD", "Geomorph_2": "Martín-Banda et al. (2015); Martín-Banda (2020).", "MaxMagnitu": 6.7, "MaxMagni_1": "± 0.1", "MaxMagni_2": "LD", "MaxMagni_3": "Mw 6.70 ± 0.1 from the equation of seismic moment and other empirical equations (Martín-Banda et al., 2015) or 7.10 ± 0.30 if the Los Tollos Fault rupture is included (see discussion in Martín-Banda, 2020).", "Recurrence": 3300.0, "Recurren_1": "2300-4600", "Recurren_2": "LD", "Recurren_3": "From the ratio of maximum earthquake seismic moment to seismic moment rate from slip rate (Martín-Banda et al., 2015) or 2600-3312 years for the multi-fault rupture of Carrascoy and Los Tollos faults during the last 6 ka (Martín-Banda, 2020).", "DLME": "2440", "DLMEError": "2140-2740", "DLMESource": "LD", "DLMECommen": "Last major earthquake identified in the linking zone with SN segment (Buenavista outcrop) (Martín-Banda et al., 2015) and correlated with the last major event identified in the Los Tollos Fault (Martín-Banda, 2020).", "RelatedEar": -1, "Extended_I": "EXTENDED_INFORMATION\\ES600-ES625.rar", "References": "Garcia-Mayordomo, J. (2005). Caracterización y Análisis de la Peligrosidad Sísmica en el Sureste de España. Tesis Doctoral, Universidad Complutense de Madrid, 373 pp.\n\nMartín-Banda, R. (2020). Segmentación y evolución reciente del Sistema de Falla", "StrengthOf": "A+", "MaxMagni_4": "A", "SlipRateAc": "A", "Recurren_4": "A", "Fault_Trac": "1", "Slip_Rate_": "2", "Activity_D": "1", "OrdenVisua": "131", "BaseDeDato": "QAFI_V.3" }, "geometry": { "type": "MultiLineString", "coordinates": [ [ [ -1.33729725231683, 37.837549945201204 ], [ -1.343416340258045, 37.8326165704255 ] ], [ [ -1.333331671536257, 37.841668950234634 ], [ -1.340619192341592, 37.837583956667231 ] ], [ [ -1.328224959750912, 37.845862455042379 ], [ -1.330761675380757, 37.844197746422708 ] ], [ [ -1.318129872464795, 37.848649760429396 ], [ -1.318355194305013, 37.848266788677847 ], [ -1.318577209863406, 37.84795931305689 ], [ -1.318912949897651, 37.847653551035705 ], [ -1.319284361581197, 37.847448421571869 ], [ -1.319679173359418, 37.847323832484221 ], [ -1.320060010891041, 37.847259063173908 ], [ -1.320277353787276, 37.847152036550483 ], [ -1.320419146562301, 37.847033748075432 ], [ -1.320740446727712, 37.846807892203287 ], [ -1.320958583503113, 37.846670775240739 ], [ -1.321352708108577, 37.846576180941952 ], [ -1.321770349585449, 37.846562128153835 ], [ -1.321985874453617, 37.84653509979205 ], [ -1.322182531974306, 37.846227345857528 ], [ -1.322441563363952, 37.845960494033193 ], [ -1.322812616776503, 37.845765351583452 ], [ -1.323372065569743, 37.845646880307811 ] ], [ [ -1.322956654246354, 37.849375033438548 ], [ -1.32502883315891, 37.847927180818147 ], [ -1.328793132425972, 37.844270551679813 ], [ -1.329986421790522, 37.843357546003972 ] ], [ [ -1.328143473301509, 37.850143979138522 ], [ -1.338773701801983, 37.844875246008769 ] ], [ [ -1.308396540510273, 37.857086176056669 ], [ -1.315074502822256, 37.853458604597961 ], [ -1.317671329570601, 37.852432586903376 ], [ -1.320680580521923, 37.850869146501168 ] ], [ [ -1.307001000499952, 37.858564280703888 ], [ -1.308637323460744, 37.858332579771286 ], [ -1.311201536113344, 37.857302723989335 ], [ -1.313171095621612, 37.856277900971236 ], [ -1.313764121576639, 37.855742608202718 ], [ -1.314290645959488, 37.855227268149747 ], [ -1.315045501557677, 37.854542612610373 ], [ -1.315889982385897, 37.853979545428729 ], [ -1.31661060787053, 37.853634235325899 ], [ -1.317437968837339, 37.853238266321284 ], [ -1.318289182812293, 37.85295762629238 ], [ -1.319099549390671, 37.852728666916846 ] ], [ [ -1.306082212620822, 37.861078248049807 ], [ -1.307673962030435, 37.86015250962771 ] ], [ [ -1.293866857839021, 37.862212693996582 ], [ -1.296262341721217, 37.861154338366987 ], [ -1.298792148087273, 37.859788558208152 ], [ -1.302716265548042, 37.858480503942531 ], [ -1.303259869903002, 37.85833486471347 ], [ -1.304017621518028, 37.858184287512813 ], [ -1.304559924865714, 37.858095219248241 ], [ -1.305530704705859, 37.85787425174459 ] ], [ [ -1.298085135975327, 37.862683374363996 ], [ -1.30297737346217, 37.859931965423471 ], [ -1.306221079288605, 37.858700228980524 ] ], [ [ -1.28680215787648, 37.863615761056622 ], [ -1.287140859230533, 37.863333295579878 ], [ -1.287631382771281, 37.863062590327672 ], [ -1.288102862118308, 37.86289749758572 ], [ -1.28868351326264, 37.86270091578757 ], [ -1.289212672851932, 37.862563062324398 ], [ -1.289617938146762, 37.862370595911273 ], [ -1.289965139345554, 37.862157368049054 ], [ -1.290335450994007, 37.861903199596725 ] ], [ [ -1.300114153380548, 37.864437687551856 ], [ -1.305102662228649, 37.862070683881825 ] ], [ [ -1.282001420064773, 37.866483092247279 ], [ -1.281810377018019, 37.86570761211027 ], [ -1.281790732043476, 37.865041155633776 ], [ -1.281755956505492, 37.864277328474941 ], [ -1.28195846127204, 37.863100698208086 ], [ -1.28208913006506, 37.86275564155784 ], [ -1.28229076343473, 37.862369984577697 ], [ -1.28247436427921, 37.862011821222893 ], [ -1.282697464774344, 37.861675682423424 ] ], [ [ -1.279785044671485, 37.866622229523387 ], [ -1.280398235531095, 37.867312313261436 ], [ -1.280832168014285, 37.867830264237398 ], [ -1.281239835398026, 37.868152989986299 ], [ -1.281708538711712, 37.868500847613973 ], [ -1.28230097867538, 37.868724430606107 ] ], [ [ -1.282182388842841, 37.869204843857688 ], [ -1.281661206901049, 37.869446870639365 ], [ -1.281234859659264, 37.869673156903445 ], [ -1.28066767769991, 37.86985439735912 ], [ -1.280071769165772, 37.870293049500049 ], [ -1.27896250950937, 37.870792415563074 ], [ -1.278091624901663, 37.870921258999772 ], [ -1.277688216471688, 37.870893999009752 ], [ -1.277327033015297, 37.870869608565272 ], [ -1.276679110036298, 37.87073882330867 ], [ -1.275964014123247, 37.870758633004073 ], [ -1.275579834430573, 37.87081365682991 ], [ -1.274967856769592, 37.87078450362759 ], [ -1.27459381103165, 37.870950881109309 ], [ -1.274523451817913, 37.87123291750072 ], [ -1.274568112865666, 37.871506546316709 ] ], [ [ -1.232798848729487, 37.869666296808532 ], [ -1.237744211327936, 37.870810649053681 ], [ -1.239808163404291, 37.871159167601206 ], [ -1.240815203371426, 37.871352428518321 ], [ -1.241935319957861, 37.871517668178853 ], [ -1.243416591315054, 37.872252608373969 ], [ -1.244897892666415, 37.872987530433875 ], [ -1.246149150132055, 37.873743507928566 ], [ -1.246627233244624, 37.874662295227608 ] ], [ [ -1.276726232597355, 37.872882933024925 ], [ -1.279253116963389, 37.871998147250679 ], [ -1.281763087499598, 37.871070523095966 ] ], [ [ -1.273618564572132, 37.872944281104253 ], [ -1.272947107384539, 37.872837372460026 ], [ -1.2720608545103, 37.872751549589054 ], [ -1.271283752531303, 37.872796735620682 ], [ -1.270505703694198, 37.872882366565875 ], [ -1.269838917770016, 37.87301820248814 ], [ -1.268804016565809, 37.87317277372199 ], [ -1.267982887972607, 37.873354813796198 ], [ -1.267418799015104, 37.873459703665958 ], [ -1.266641117682639, 37.873529182875359 ], [ -1.265952101188475, 37.873565266808555 ] ], [ [ -1.246627233244624, 37.874662295227608 ], [ -1.247193386727304, 37.874696940577849 ], [ -1.247933004361187, 37.87470816158276 ], [ -1.248501810278697, 37.874672361825105 ], [ -1.250008698920908, 37.874688663402594 ], [ -1.250788647227637, 37.874754505315138 ], [ -1.251330309638206, 37.874857493876107 ], [ -1.252410251484207, 37.87428732514627 ], [ -1.253859990754336, 37.873180395353131 ], [ -1.256151700528392, 37.872732604695614 ], [ -1.257706279013462, 37.872205666184129 ], [ -1.258356062676853, 37.872247522941791 ], [ -1.258922252557056, 37.872384863547893 ], [ -1.26046047293346, 37.872697775830488 ], [ -1.264139239761164, 37.87320085734774 ], [ -1.262803537785032, 37.872803554927088 ], [ -1.260620577872373, 37.87214690059244 ], [ -1.258440730189648, 37.87148382565988 ], [ -1.256264024890811, 37.870814339340143 ], [ -1.254006110324724, 37.869903382170889 ], [ -1.253329324269657, 37.869721302785933 ], [ -1.252097712421914, 37.869326451225731 ], [ -1.251281356797676, 37.869088895280015 ], [ -1.24976617581666, 37.868647583394477 ], [ -1.249075759430184, 37.868446357446203 ], [ -1.248724997173156, 37.868342908810746 ], [ -1.247841191260704, 37.868133492462164 ], [ -1.245239454967873, 37.867592033511073 ], [ -1.242604378578164, 37.86722276548511 ], [ -1.240165260554704, 37.867224804032958 ], [ -1.237796283734383, 37.867704678076223 ], [ -1.231802973838057, 37.870057164433376 ], [ -1.225946875422892, 37.872211772062428 ], [ -1.222326976992974, 37.873576544911259 ], [ -1.219542408217137, 37.874330124745711 ], [ -1.216430548083054, 37.875400986660395 ], [ -1.212915731700832, 37.876452848852239 ], [ -1.209375213811541, 37.877459517500427 ], [ -1.205137982595772, 37.879176316493727 ] ], [ [ -1.268461986092973, 37.87488867773942 ], [ -1.272055274063462, 37.87411904157841 ], [ -1.275269008136718, 37.873187736623322 ] ], [ [ -1.21035014746252, 37.877182329978041 ], [ -1.220141371080445, 37.876241162061831 ], [ -1.223978795032394, 37.87616475925563 ], [ -1.229003209619634, 37.876355885700434 ], [ -1.231169156865519, 37.876824425310758 ], [ -1.232762971657962, 37.877166272827594 ], [ -1.234596749748846, 37.877398372954985 ], [ -1.235796169939817, 37.877506448799636 ], [ -1.236417168915523, 37.877505884196523 ] ], [ [ -1.236417168915523, 37.877505884196523 ], [ -1.236417255178708, 37.877505884117966 ] ], [ [ -1.236417168915523, 37.877505884196523 ], [ -1.23726204307718, 37.877346928590839 ], [ -1.238618736998831, 37.876904923743723 ], [ -1.24118993692008, 37.876276972919754 ], [ -1.241545098120184, 37.875916432471797 ], [ -1.241834916459879, 37.875580630675302 ], [ -1.242162627253947, 37.875278202457707 ], [ -1.242643741736345, 37.87494122898778 ], [ -1.24321669178812, 37.874689633581909 ], [ -1.243996445022503, 37.874590295368876 ], [ -1.244898120755522, 37.874589527217665 ], [ -1.245595672688466, 37.874559523115352 ], [ -1.246277907526689, 37.874610510276511 ], [ -1.246627233244624, 37.874662295227608 ] ], [ [ -1.314398492410987, 37.880553958216865 ], [ -1.315694390580461, 37.880772584370163 ], [ -1.316225726489336, 37.880825818064579 ], [ -1.31674371335987, 37.880833226441268 ], [ -1.317391716334896, 37.880819675112491 ], [ -1.318277746332342, 37.880375745316655 ], [ -1.319280182279954, 37.879822506295795 ], [ -1.320840232308399, 37.878826507552048 ], [ -1.321424211996373, 37.878150429924062 ], [ -1.321710405925899, 37.877603646731643 ], [ -1.321885270348048, 37.877322361305232 ] ], [ [ -1.201704600411801, 37.881010638089492 ], [ -1.202270138530196, 37.880690975008065 ], [ -1.204827712756298, 37.879302019275201 ], [ -1.205137982595772, 37.879176316493727 ] ], [ [ -1.222466235961861, 37.883773365475349 ], [ -1.223256958026127, 37.883359211054028 ], [ -1.226759620942005, 37.88163523330411 ], [ -1.232397705056428, 37.878262110793059 ], [ -1.236417168915523, 37.877505884196523 ] ], [ [ -1.222466235961861, 37.883773365475349 ], [ -1.221145300148066, 37.883337785850927 ], [ -1.220227804064166, 37.88304780425608 ], [ -1.21692291992116, 37.881917586478551 ], [ -1.213801557868464, 37.880695980662097 ], [ -1.207232338034828, 37.879785279943121 ], [ -1.206980162039258, 37.879699062523969 ], [ -1.206792133892975, 37.879645708369992 ], [ -1.206635133067039, 37.879601158123137 ], [ -1.206430115730484, 37.879542982411579 ], [ -1.206119006679387, 37.879454701266695 ], [ -1.205804925070197, 37.87936557557839 ], [ -1.205660957622172, 37.879324722158515 ], [ -1.205249583047419, 37.879207985819903 ], [ -1.205137982595772, 37.879176316493727 ] ], [ [ -1.207343847755396, 37.88498671691832 ], [ -1.203566421348512, 37.886142497084109 ], [ -1.199593409285171, 37.887655184181654 ], [ -1.195961957130635, 37.888994898064425 ], [ -1.194105406581969, 37.889797688346675 ], [ -1.189031328007331, 37.8922089315015 ], [ -1.187827900630566, 37.892800554114274 ], [ -1.186002805866622, 37.894145158323056 ] ], [ [ -1.301070199213427, 37.887310491488051 ], [ -1.301560510408365, 37.887325180460778 ], [ -1.302051030791517, 37.887334508500601 ], [ -1.302541667010189, 37.887338473830198 ], [ -1.303032325688946, 37.887337075692415 ], [ -1.303522913448774, 37.887330314351232 ], [ -1.303756336256697, 37.887249942596839 ], [ -1.303986534227533, 37.887163927315896 ], [ -1.304213290180996, 37.887072349662333 ], [ -1.304436390186765, 37.886975296037804 ], [ -1.304655623765427, 37.886872858010349 ], [ -1.304870784088678, 37.886765132227367 ], [ -1.305081668173727, 37.886652220325516 ], [ -1.305288077074806, 37.886534228833 ], [ -1.305489816070974, 37.886411269071345 ], [ -1.305686694850465, 37.886283457047796 ], [ -1.305878527689231, 37.886150913347706 ], [ -1.306065133627328, 37.886013763019832 ], [ -1.306340292534173, 37.885699516274371 ], [ -1.306609255569924, 37.885381918657572 ], [ -1.306871957847989, 37.885061046880082 ], [ -1.307010523435622, 37.884929040524696 ], [ -1.307142122161224, 37.884792629682806 ], [ -1.307266531411869, 37.884652045146595 ], [ -1.30738354074191, 37.884507524768196 ], [ -1.307492952229154, 37.884359313057928 ], [ -1.307594580809393, 37.884207660769107 ], [ -1.307688254589152, 37.884052824475475 ], [ -1.307773815136841, 37.883895066135381 ], [ -1.307851117749692, 37.883734652649707 ], [ -1.307920031698814, 37.883571855409457 ], [ -1.307980440449796, 37.88340694983674 ], [ -1.308032241860076, 37.883240214919283 ], [ -1.308075348350542, 37.883071932737153 ], [ -1.308196802634768, 37.882842662397195 ], [ -1.308324425755643, 37.882615506849845 ], [ -1.308458159082534, 37.882390570353039 ], [ -1.308597941181858, 37.882167956144372 ], [ -1.30874370784619, 37.881947766395626 ], [ -1.308895392122452, 37.881730102164454 ], [ -1.309052924344201, 37.881515063348729 ], [ -1.309159363853951, 37.881431284243661 ], [ -1.309271063216954, 37.881351923419061 ], [ -1.309387730833237, 37.881277188042077 ], [ -1.309509062136271, 37.881207273204609 ], [ -1.309634740388333, 37.881142361414675 ], [ -1.309764437506374, 37.881082622119607 ], [ -1.309897814919225, 37.881028211264038 ], [ -1.310034524451282, 37.880979270882847 ], [ -1.310174209230297, 37.880935928730935 ], [ -1.310316504619891, 37.880898297948704 ], [ -1.310461039170548, 37.880866476768347 ], [ -1.3113800220749, 37.880543736440586 ], [ -1.312300705145844, 37.880224061385945 ], [ -1.31240627204744, 37.88017614481322 ], [ -1.312507593172825, 37.880122779835915 ], [ -1.312604221594881, 37.880064201851098 ], [ -1.312695731089093, 37.88000066924991 ], [ -1.312781718014378, 37.879932462278646 ], [ -1.312861803092858, 37.879859881801508 ], [ -1.312935633083157, 37.879783247973705 ], [ -1.31300288233831, 37.879702898828782 ], [ -1.313063254242138, 37.879619188787899 ], [ -1.313116482517785, 37.879532487095844 ], [ -1.313162332400793, 37.879443176192467 ] ], [ [ -1.214908799206626, 37.887555339544917 ], [ -1.214983357658184, 37.887518483841177 ], [ -1.216152534927858, 37.886864465663791 ], [ -1.21832011579022, 37.885646395984907 ], [ -1.221264772552502, 37.884402633438583 ], [ -1.222466235961861, 37.883773365475349 ] ], [ [ -1.214908799206626, 37.887555339544917 ], [ -1.213951425738117, 37.886806684988642 ], [ -1.212469278487958, 37.88577005566151 ], [ -1.210550347110939, 37.884840985559094 ], [ -1.208440576920282, 37.883571347028749 ], [ -1.207218366355278, 37.882805328704421 ], [ -1.205615632648005, 37.881695498790407 ], [ -1.204496988610174, 37.881239625469448 ], [ -1.203367332021969, 37.880965057721028 ], [ -1.201704600411801, 37.881010638089492 ] ], [ [ -1.298419487669378, 37.888460113265069 ], [ -1.298585477976644, 37.888433576024397 ], [ -1.298749574457759, 37.888400457227931 ], [ -1.298911361888429, 37.888360840678104 ], [ -1.299070430889344, 37.888314826618341 ], [ -1.299226378961464, 37.888262531480507 ], [ -1.299378811505221, 37.888204087589543 ], [ -1.299527342819033, 37.888139642828719 ], [ -1.299671597075758, 37.88806936026549 ], [ -1.299811209273741, 37.887993417738187 ], [ -1.299945826160524, 37.887912007406555 ], [ -1.30007510712619, 37.887825335265461 ], [ -1.300198725066537, 37.887733620622441 ], [ -1.300316367175753, 37.887637095607261 ], [ -1.300427735731546, 37.887536004594949 ], [ -1.300574386013864, 37.887431227073535 ], [ -1.300717148246747, 37.887323129621961 ] ], [ [ -1.288443689463747, 37.892480212946111 ], [ -1.288672703752809, 37.892448671883358 ], [ -1.288903081403873, 37.892424147137774 ], [ -1.289134480283053, 37.892406675132406 ], [ -1.289366556740219, 37.892396281816332 ], [ -1.289598966119854, 37.892392982625893 ], [ -1.289831363271787, 37.892396782462413 ], [ -1.289980412007367, 37.89238461507 ], [ -1.290128431080802, 37.892366171939955 ], [ -1.29027500002536, 37.892341505461161 ], [ -1.290419702495001, 37.892310685701034 ], [ -1.290562127446833, 37.892273800206226 ], [ -1.290701870308908, 37.892230953753426 ], [ -1.29083853413033, 37.892182268052125 ], [ -1.290971730708179, 37.892127881398494 ], [ -1.291101081691352, 37.892067948283 ], [ -1.291226219654732, 37.892002638950487 ], [ -1.291355935650984, 37.891962487951503 ], [ -1.291482280536457, 37.891916074445191 ], [ -1.291604773420374, 37.891863575091179 ], [ -1.291722948076483, 37.891805189712329 ], [ -1.291836354717645, 37.891741140535032 ], [ -1.29194456170768, 37.891671671342294 ], [ -1.292047157204934, 37.891597046546508 ], [ -1.292143750729565, 37.891517550182186 ], [ -1.292233974650003, 37.89143348482537 ], [ -1.292317485581407, 37.891345170440957 ], [ -1.292393965693691, 37.891252943165739 ], [ -1.292691064480437, 37.891077094609557 ], [ -1.292982840288744, 37.890895735583968 ], [ -1.293269130431099, 37.890708967232456 ], [ -1.293549775283338, 37.890516893714278 ], [ -1.293824618372696, 37.890319622146876 ], [ -1.294093506466254, 37.890117262545971 ], [ -1.294415750068822, 37.889748970961364 ], [ -1.294553093014088, 37.889766124024675 ], [ -1.294691483578958, 37.889776745712538 ], [ -1.294830427659292, 37.889780798100844 ], [ -1.2949694291745, 37.889778266720782 ], [ -1.295107991838677, 37.889769160609148 ], [ -1.295245620933031, 37.88975351227748 ], [ -1.295381825072354, 37.889731377594956 ], [ -1.29551611796029, 37.889702835589901 ], [ -1.295648020125668, 37.889667988166309 ], [ -1.295777060580519, 37.889626959829116 ], [ -1.295902778661343, 37.889579896980422 ], [ -1.29602472552267, 37.889526967642155 ], [ -1.296142465781543, 37.889468360788555 ], [ -1.296255579077069, 37.889404285664853 ], [ -1.296363661570695, 37.889334971038807 ], [ -1.296466327388771, 37.889260664383926 ], [ -1.296676607077359, 37.889202325360714 ], [ -1.296883879093343, 37.889137578331827 ], [ -1.29708783264357, 37.889066520382642 ], [ -1.297288161912832, 37.888989258061827 ], [ -1.297484566523735, 37.888905907221101 ], [ -1.297676751986216, 37.888816592841238 ], [ -1.297864430139668, 37.888721448844876 ] ], [ [ -1.261201390144606, 37.893150705882476 ], [ -1.251799713406854, 37.899048368311981 ], [ -1.245301967930516, 37.902350628945669 ], [ -1.234533889086379, 37.908071405019825 ], [ -1.23589889577886, 37.907767985000078 ], [ -1.236185531195417, 37.90772968766305 ], [ -1.236470759377085, 37.90768528220633 ], [ -1.236754372994312, 37.907634800906465 ], [ -1.237036165892391, 37.907578280456448 ], [ -1.237315933241234, 37.907515761938953 ], [ -1.237593471684761, 37.907447290796597 ], [ -1.237868579487952, 37.907372916798636 ], [ -1.238141056685038, 37.907292694005264 ], [ -1.238410705223544, 37.907206680727654 ], [ -1.238677329109464, 37.907114939485723 ], [ -1.23900227351487, 37.907030829675534 ], [ -1.239324412760027, 37.906940199395194 ], [ -1.239643538437292, 37.906843107278462 ], [ -1.239959444090289, 37.906739616139589 ], [ -1.240271925450202, 37.906629792672845 ], [ -1.240580780346079, 37.906513707978604 ], [ -1.240885808890027, 37.9063914373736 ], [ -1.241186813756997, 37.906263059961248 ], [ -1.241483600228037, 37.906128658794614 ] ], [ [ -1.186002805866622, 37.894145158323056 ], [ -1.186757157852014, 37.894025183515737 ], [ -1.192452386209482, 37.893290071289698 ], [ -1.195680298172192, 37.892707081754452 ], [ -1.199386000594416, 37.891902208923682 ], [ -1.203525389981792, 37.890698428154224 ], [ -1.205622633106998, 37.890374470952338 ], [ -1.207399479501987, 37.890270242478664 ], [ -1.208764196916604, 37.890160954940882 ], [ -1.210385590907435, 37.889639217381443 ], [ -1.212206321418762, 37.888891170539694 ], [ -1.214908799206626, 37.887555339544917 ] ], [ [ -1.184674212042694, 37.894356449803524 ], [ -1.186002805866622, 37.894145158323056 ] ], [ [ -1.281225617450957, 37.895363043004863 ], [ -1.282243381101182, 37.895377900466428 ], [ -1.282577211126693, 37.895338573770061 ], [ -1.282909878383634, 37.895293482645798 ], [ -1.283241224358108, 37.895242648578005 ], [ -1.283571091166891, 37.895186095787267 ], [ -1.28389932163202, 37.895123851218841 ], [ -1.284064682631765, 37.895133265687662 ], [ -1.28423044317617, 37.895135626497733 ], [ -1.284396124460329, 37.895130926829154 ], [ -1.284561247907845, 37.895119180255847 ], [ -1.28472533655372, 37.895100420707081 ], [ -1.284887916423372, 37.895074702369755 ], [ -1.285048517900918, 37.89504209953077 ], [ -1.285206677086933, 37.895002706363471 ], [ -1.285361937138589, 37.894956636654854 ], [ -1.285513849589222, 37.894904023477238 ], [ -1.285661975644359, 37.89484501880338 ], [ -1.285805887449783, 37.894779793068153 ], [ -1.285945169327022, 37.894708534674862 ], [ -1.2861528481709, 37.894595821740381 ], [ -1.286355943421142, 37.894477980741215 ], [ -1.286554253521103, 37.894355128636732 ], [ -1.286747581666248, 37.894227387359592 ], [ -1.286935735999521, 37.894094883694834 ], [ -1.287118529802285, 37.893957749152889 ], [ -1.287295781679006, 37.89381611984038 ], [ -1.287467315737445, 37.89367013632409 ], [ -1.287632961764018, 37.893519943491299 ], [ -1.28779255539115, 37.893365690406711 ], [ -1.287945938261885, 37.893207530163579 ] ], [ [ -1.263173547278484, 37.903405582740561 ], [ -1.264099712090797, 37.903161517560932 ], [ -1.265023800596339, 37.902912566667965 ], [ -1.265945771702263, 37.902658741132825 ], [ -1.266865584410766, 37.902400052243308 ], [ -1.267783197821871, 37.902136511504011 ], [ -1.268764976860211, 37.901803669657681 ], [ -1.2699937696338, 37.90132010076411 ], [ -1.270725799782383, 37.901253683306436 ], [ -1.271607483924242, 37.901035109217105 ], [ -1.272543853353909, 37.900736966018087 ], [ -1.273621455632679, 37.900292917436559 ], [ -1.274601892241833, 37.899938873702297 ], [ -1.274921522863622, 37.899744292612752 ], [ -1.275246107707062, 37.899554931813043 ], [ -1.275575510992326, 37.899370870497307 ], [ -1.275909594927782, 37.899192185643017 ], [ -1.276248219767069, 37.899018951978633 ], [ -1.276591243867927, 37.898851241952343 ], [ -1.276938523751255, 37.898689125702106 ], [ -1.277289914160747, 37.898532671026089 ], [ -1.277713341904814, 37.898254375909346 ], [ -1.278131778088721, 37.897971381195646 ], [ -1.278545139679011, 37.897683743076982 ], [ -1.278953344652678, 37.897391518667121 ], [ -1.279356312013476, 37.897094765989436 ], [ -1.279753961807899, 37.896793543965941 ], [ -1.280146215141372, 37.896487912405519 ], [ -1.280301095511334, 37.896339737124549 ], [ -1.280460334125792, 37.896194491830556 ], [ -1.280623842723742, 37.896052257006261 ], [ -1.280791530679608, 37.895913111466029 ] ], [ [ -1.257616678287377, 37.903902026750359 ], [ -1.259523978885568, 37.903830113221886 ], [ -1.261734500870205, 37.903640502026349 ] ], [ [ -1.247237295310015, 37.906027937731835 ], [ -1.247569839302116, 37.906066305325226 ], [ -1.247903480878335, 37.906098135505658 ], [ -1.248238015325228, 37.906123408741053 ], [ -1.248573237380583, 37.906142109522818 ], [ -1.248908941359787, 37.906154226374497 ], [ -1.249244921281729, 37.906159751859661 ], [ -1.249580970995908, 37.906158682586067 ], [ -1.249916884308618, 37.906151019208039 ], [ -1.250252455109717, 37.906136766425448 ], [ -1.250587477499835, 37.906115932982061 ], [ -1.250921745915718, 37.906088531658497 ], [ -1.251255055257957, 37.90605457926597 ], [ -1.251587201015525, 37.906014096634863 ], [ -1.251917979392488, 37.905967108602397 ], [ -1.252247187433056, 37.905913643997394 ], [ -1.252574623145733, 37.905853735622372 ], [ -1.252898515322443, 37.905775675022255 ], [ -1.253219804941352, 37.905691132215736 ], [ -1.253538285368904, 37.905600161575649 ], [ -1.253853751780298, 37.90550282160882 ], [ -1.254166001291082, 37.905399174918273 ], [ -1.254474833088466, 37.905289288162976 ], [ -1.254780048560292, 37.9051732320155 ], [ -1.255081451422768, 37.905051081115118 ], [ -1.255378847847055, 37.904922914021427 ], [ -1.25567204658347, 37.904788813162497 ], [ -1.255960859085803, 37.904648864782473 ], [ -1.256245099630974, 37.904503158885575 ], [ -1.256524585440218, 37.904351789178577 ], [ -1.25679913679528, 37.904194853010495 ], [ -1.257068577155167, 37.904032451309547 ] ], [ [ -1.241124152962925, 37.906341404004365 ], [ -1.241364272463215, 37.906416514498176 ], [ -1.241607358622787, 37.906485374991632 ], [ -1.241853152373551, 37.906547912093345 ], [ -1.242101391759036, 37.906604059150879 ], [ -1.242351812214622, 37.906653756322385 ], [ -1.242604146848862, 37.906696950639684 ], [ -1.242858126728834, 37.906733596065408 ], [ -1.243113481166802, 37.906763653541873 ], [ -1.243369938008243, 37.906787091032413 ], [ -1.243627223923056, 37.906803883556051 ], [ -1.243885064696826, 37.906814013214046 ], [ -1.244143185522887, 37.906817469208647 ], [ -1.244401311295917, 37.906814247854982 ], [ -1.244659166904853, 37.90680435258497 ], [ -1.24491647752717, 37.906787793943579 ], [ -1.245172968920997, 37.906764589577165 ], [ -1.245428367718318, 37.906734764215742 ], [ -1.245556260495107, 37.906723970849214 ], [ -1.245683065331605, 37.906706927990172 ], [ -1.245808296235396, 37.906683700956535 ], [ -1.245931473247538, 37.906654378767598 ], [ -1.24605212428213, 37.906619073802801 ], [ -1.246169786936321, 37.906577921371081 ], [ -1.246284010262059, 37.906531079192064 ], [ -1.246394356495443, 37.906478726791818 ], [ -1.246500402734455, 37.906421064813856 ], [ -1.246601742559676, 37.906358314251236 ], [ -1.246697987592086, 37.906290715598345 ], [ -1.246788768981958, 37.906218527930037 ] ], [ [ -1.165458222359746, 37.909160186880058 ], [ -1.17009805238996, 37.90522796835063 ], [ -1.174219615252525, 37.902106174714049 ], [ -1.178573962423286, 37.899384575151998 ], [ -1.1918748812584, 37.888419972737154 ], [ -1.193248583767399, 37.887337372959166 ], [ -1.198925916383246, 37.882784239152443 ], [ -1.200743877157606, 37.881553661642897 ], [ -1.201704600411801, 37.881010638089492 ] ], [ [ -1.22753572152476, 37.909624794584715 ], [ -1.227862825839054, 37.909640845042588 ], [ -1.228190319981877, 37.909650719458341 ], [ -1.228518018185298, 37.909654412229429 ], [ -1.228845734565709, 37.909651921259183 ], [ -1.229173283228761, 37.909643247958854 ], [ -1.229500478375485, 37.909628397246536 ], [ -1.229827134407458, 37.909607377543978 ], [ -1.230153066032358, 37.909580200772893 ], [ -1.230478088369409, 37.909546882347001 ], [ -1.230727029774926, 37.909516606626084 ], [ -1.230974528025797, 37.909479642596864 ], [ -1.231220296921435, 37.90943603300218 ], [ -1.231464052261629, 37.909385828270104 ], [ -1.231705512176802, 37.90932908645442 ], [ -1.231944397452878, 37.909265873168579 ], [ -1.232180431855568, 37.909196261509237 ], [ -1.232413342448694, 37.909120331971565 ], [ -1.232642859911152, 37.909038172356588 ], [ -1.232868718847783, 37.908949877669329 ], [ -1.233090658096728, 37.908855550008639 ], [ -1.233308421031609, 37.908755298449535 ], [ -1.233521755858021, 37.908649238916837 ], [ -1.233730415905143, 37.908537494050506 ], [ -1.233934159911144, 37.908420193064501 ], [ -1.234132752301946, 37.908297471597393 ] ], [ [ -1.16292996589857, 37.910554829389639 ], [ -1.157340185975045, 37.913527245110856 ], [ -1.151657550283346, 37.917451796321984 ], [ -1.148976793347515, 37.919529317786896 ], [ -1.147580223522482, 37.920442248010033 ], [ -1.14667296080188, 37.921359458945119 ], [ -1.142664030801939, 37.924818818786036 ] ], [ [ -1.222130094568456, 37.911158620184779 ], [ -1.222297905053267, 37.911164869606012 ], [ -1.22246590084228, 37.911164995382194 ], [ -1.222633726108143, 37.911158997245991 ], [ -1.222801025384342, 37.911146887900827 ], [ -1.222967444318897, 37.911128692994453 ], [ -1.223132630425027, 37.911104451063864 ], [ -1.223296233827853, 37.911074213454299 ], [ -1.223457908005969, 37.911038044210159 ], [ -1.223617310525526, 37.910996019939148 ], [ -1.223774103765152, 37.910948229650614 ], [ -1.223927955632746, 37.910894774566032 ], [ -1.224186231421072, 37.910816469201677 ], [ -1.224441636611743, 37.910732461733858 ], [ -1.224693970683006, 37.910642818118845 ], [ -1.224943035527474, 37.910547608738341 ], [ -1.225188635605605, 37.910446908343658 ], [ -1.225430578101168, 37.910340795997058 ], [ -1.225668673071823, 37.910229355009562 ], [ -1.225902733598161, 37.910112672875414 ], [ -1.226132575931331, 37.909990841203864 ], [ -1.226358019636393, 37.909863955646358 ] ], [ [ -1.216416733809581, 37.911263654186882 ], [ -1.216573852569695, 37.911164459278098 ], [ -1.216727603567847, 37.911062005633198 ], [ -1.216877879164713, 37.91095636498784 ], [ -1.217094293264154, 37.911014252891391 ], [ -1.217312957904596, 37.911066564061343 ], [ -1.2175336442005, 37.911113243739408 ], [ -1.217756121148398, 37.911154243061958 ], [ -1.217980155869213, 37.911189519110849 ], [ -1.21820551385207, 37.911219034959288 ], [ -1.218431959199677, 37.911242759709637 ], [ -1.218659254876002, 37.911260668526495 ], [ -1.218887162953763, 37.911272742662106 ], [ -1.219486965204567, 37.911283228636876 ], [ -1.220086886410058, 37.911287764156725 ], [ -1.220686832478179, 37.911286348506735 ], [ -1.221286709312153, 37.911278981906094 ] ], [ [ -1.211051918620853, 37.91344540291027 ], [ -1.211349501173231, 37.913408304499683 ], [ -1.211645597425104, 37.913364371487262 ], [ -1.211939957314712, 37.913313640974536 ], [ -1.212128924415708, 37.913267680378453 ], [ -1.212316199210306, 37.913217560495809 ], [ -1.212501635864271, 37.913163320356148 ], [ -1.212685089975992, 37.913105002196971 ], [ -1.213359473562377, 37.912920845726262 ], [ -1.214171033434923, 37.912687434892348 ], [ -1.21473422957132, 37.912529954563297 ], [ -1.215789024754599, 37.912182653654895 ] ], [ [ -1.207381664024183, 37.913755249455335 ], [ -1.207517860754763, 37.913747977245123 ], [ -1.207654328554668, 37.913745430987149 ], [ -1.207790806284606, 37.913747615554712 ], [ -1.207927032786927, 37.913754526767832 ], [ -1.208140452944576, 37.91375637811268 ], [ -1.208353845310853, 37.913753077408217 ], [ -1.20856701176092, 37.913744627718074 ], [ -1.208779754379748, 37.913731036886475 ], [ -1.208991875645722, 37.913712317530837 ], [ -1.209203178614871, 37.913688487030015 ], [ -1.209415578610958, 37.913659250536114 ], [ -1.209626742403032, 37.913624849726773 ], [ -1.2098364699699, 37.913585317187085 ], [ -1.210044562651717, 37.913540690362538 ], [ -1.210250823338299, 37.913491011524229 ], [ -1.210455056655405, 37.913436327728448 ] ], [ [ -1.193407876329104, 37.917766858721052 ], [ -1.195378012652441, 37.916736874046251 ], [ -1.197194384496925, 37.915590815925668 ], [ -1.19883076386111, 37.91416909755867 ], [ -1.20202143197065, 37.910757665299684 ], [ -1.208149377204677, 37.905712698992374 ] ], [ [ -1.182712336924681, 37.919541565872237 ], [ -1.18291615694045, 37.919582702064645 ], [ -1.183111605944475, 37.919641594083771 ], [ -1.183265183022911, 37.919730103938321 ], [ -1.183323757841777, 37.919775136499482 ], [ -1.183475415240764, 37.919846649914007 ], [ -1.183569503123124, 37.919838186722814 ], [ -1.183888450453537, 37.919848068759507 ], [ -1.184002626982476, 37.919837798181504 ], [ -1.184161085662538, 37.919832445286886 ], [ -1.184365694476242, 37.919783544558243 ], [ -1.184734428881484, 37.919677679812992 ], [ -1.185027356206888, 37.91960039188973 ], [ -1.185304764186867, 37.919517905927876 ], [ -1.18545980925245, 37.919448406373988 ], [ -1.185593434536884, 37.919355014886378 ], [ -1.185748084987893, 37.919131812079968 ], [ -1.186004044450158, 37.919248331286667 ], [ -1.186379987201747, 37.919328026288895 ], [ -1.186563847948719, 37.919349117694708 ], [ -1.186805552026271, 37.919445312352991 ], [ -1.187005477009961, 37.919524878987488 ], [ -1.187153516899741, 37.919545989450569 ], [ -1.187488511395884, 37.919593758878989 ], [ -1.18777961440469, 37.919582882808072 ], [ -1.188032330874137, 37.919556055272324 ], [ -1.188245529873484, 37.91955933805383 ], [ -1.188475896931607, 37.91943396286274 ], [ -1.188635299534894, 37.919252459701625 ], [ -1.188656843851902, 37.91912318597582 ], [ -1.188777828451578, 37.918927811376136 ], [ -1.189082159889324, 37.918909767239143 ], [ -1.189385679494933, 37.918884562195046 ], [ -1.189688118806146, 37.918852218535335 ], [ -1.189989210316867, 37.918812764866232 ], [ -1.190288687713974, 37.918766236081694 ], [ -1.190586286113785, 37.91871267333471 ], [ -1.190881742295517, 37.918652123998697 ], [ -1.19117479493508, 37.918584641627149 ], [ -1.191465184836204, 37.918510285905768 ], [ -1.191752655159917, 37.918429122598752 ], [ -1.192036951651517, 37.91834122349195 ], [ -1.192317822866244, 37.918246666328741 ], [ -1.192648309896867, 37.918122046437475 ], [ -1.193016352950679, 37.917879717279277 ], [ -1.193382335465913, 37.917846786076268 ], [ -1.194496848235531, 37.917563947746487 ], [ -1.194767189428887, 37.917540539509332 ], [ -1.195036397985234, 37.917510019333065 ], [ -1.195304175843319, 37.917472421007744 ], [ -1.195570226526399, 37.917427786159067 ], [ -1.19583425547188, 37.917376164204313 ], [ -1.196095970356737, 37.91731761229596 ], [ -1.196355081422155, 37.91725219525938 ], [ -1.196611301793837, 37.917179985520704 ], [ -1.196864347800727, 37.917101063026223 ], [ -1.197113939288386, 37.917015515154674 ], [ -1.197359799929927, 37.91692343661947 ], [ -1.197518761760989, 37.916869653726337 ], [ -1.197674145230394, 37.916809665907181 ], [ -1.197825564697666, 37.916743622045942 ], [ -1.197972644363688, 37.916671686056134 ], [ -1.198115019202817, 37.916594036475374 ], [ -1.19825233587045, 37.916510866020644 ], [ -1.19838425357824, 37.91642238111109 ], [ -1.198510444941633, 37.916328801354894 ], [ -1.198630596791077, 37.916230359003919 ], [ -1.198744410950155, 37.916127298378285 ], [ -1.198851604975459, 37.916019875257916 ], [ -1.198951912856842, 37.915908356249872 ], [ -1.199112179923645, 37.915954531287014 ], [ -1.199275173341164, 37.915994268459826 ], [ -1.199440481344027, 37.916027467379706 ], [ -1.199607686317449, 37.916054044175382 ], [ -1.199776365852927, 37.916073931704886 ], [ -1.199946093815186, 37.916087079725173 ], [ -1.200116441419311, 37.916093455019393 ], [ -1.200286978314239, 37.916093041480508 ], [ -1.200457273670793, 37.916085840152107 ], [ -1.200626897269331, 37.916071869226016 ], [ -1.200795420588634, 37.916051163996087 ], [ -1.200962417886956, 37.916023776768895 ], [ -1.201127467279491, 37.915989776732147 ], [ -1.201290151803562, 37.915949249778805 ], [ -1.201450060472723, 37.915902298291485 ], [ -1.201748311520305, 37.915833663949513 ], [ -1.202044181844997, 37.915758841972661 ], [ -1.202337466928327, 37.915677884080878 ], [ -1.202627964040289, 37.915590846235489 ], [ -1.20291547238071, 37.915497788600646 ], [ -1.203199793216925, 37.915398775501615 ], [ -1.203480730022022, 37.915293875379916 ], [ -1.203758088610925, 37.915183160746551 ], [ -1.204031677274202, 37.915066708131178 ], [ -1.204301306910963, 37.914944598030161 ], [ -1.204566791159777, 37.914816914849496 ], [ -1.204827946527416, 37.914683746847516 ], [ -1.205084592515618, 37.914545186073497 ], [ -1.205336551746143, 37.914401328303882 ] ], [ [ -1.165817772883599, 37.920937450984127 ], [ -1.16675160529411, 37.920893190207209 ], [ -1.167903954582073, 37.920855369932667 ], [ -1.168030375629939, 37.920848353184397 ], [ -1.16807711827704, 37.920845048811088 ], [ -1.168432064944909, 37.921014689713502 ], [ -1.168976115153953, 37.92116044988984 ], [ -1.169061106284175, 37.921187217621366 ], [ -1.169272385236297, 37.921210249245803 ], [ -1.169492928436966, 37.921269217499912 ], [ -1.169743303005532, 37.921316294512906 ], [ -1.170191021047799, 37.921352874480988 ], [ -1.170514903372407, 37.921357911642247 ], [ -1.170702492484111, 37.921331213310339 ], [ -1.171309951584476, 37.921459118984444 ], [ -1.171988977332546, 37.921716466977671 ], [ -1.172455697450118, 37.921785596870791 ], [ -1.172850132499548, 37.921712867247209 ], [ -1.173310406154485, 37.921697505459633 ], [ -1.173704333868386, 37.921701077885189 ], [ -1.174008311294983, 37.921655059466104 ], [ -1.174587417346459, 37.921505887813964 ], [ -1.174696370461618, 37.92149146965204 ], [ -1.17493484998414, 37.921459910415592 ], [ -1.175124008568218, 37.921467124137962 ], [ -1.175354071516836, 37.921475897371522 ], [ -1.175528362012813, 37.921482544078685 ], [ -1.175641471424967, 37.921465459378624 ], [ -1.175761782553593, 37.921447286760724 ] ], [ [ -1.175761782553593, 37.921447286760724 ], [ -1.175768771833134, 37.921446231048037 ] ], [ [ -1.175761782553593, 37.921447286760724 ], [ -1.175952117997269, 37.921444264364368 ], [ -1.176225360905562, 37.92146400051007 ], [ -1.176499229656088, 37.921477218025871 ], [ -1.17677347646179, 37.921483904951344 ], [ -1.177047853192903, 37.921484055234487 ], [ -1.177322111602223, 37.92147766873785 ], [ -1.177596003549127, 37.921464751237693 ], [ -1.177869281225242, 37.921445314420055 ], [ -1.178141697377725, 37.921419375868652 ], [ -1.178413005534196, 37.921386959050267 ], [ -1.17868296022516, 37.921348093292352 ], [ -1.178951317207122, 37.921302813757904 ], [ -1.179217833682685, 37.921251161412215 ], [ -1.179482268521326, 37.921193182986428 ], [ -1.179744382477224, 37.921128930935652 ], [ -1.180003938406401, 37.921058463390409 ], [ -1.180260701480506, 37.920981844104915 ], [ -1.180511958097611, 37.920922829303208 ], [ -1.180760741587335, 37.920857570211354 ], [ -1.181006804707351, 37.92078613168411 ], [ -1.181249902920001, 37.920708584717545 ], [ -1.181489794637173, 37.920625006378089 ], [ -1.181726241459387, 37.920535479725856 ], [ -1.181959008412832, 37.920440093732907 ], [ -1.182187864184129, 37.920338943193599 ], [ -1.182412581348842, 37.920232128630857 ], [ -1.182632936598623, 37.9201197561963 ], [ -1.182848710962958, 37.920001937564848 ], [ -1.183059690026596, 37.919878789822917 ] ], [ [ -1.158098841163735, 37.924763080222249 ], [ -1.15837648492959, 37.924771157292241 ], [ -1.158567751678333, 37.924756668824045 ], [ -1.158759164123865, 37.924739036534675 ], [ -1.158955059301093, 37.924673975515702 ], [ -1.159140817582568, 37.924622868320228 ], [ -1.159406567249562, 37.924523755407165 ], [ -1.15967864751633, 37.9245100743276 ], [ -1.159963012394087, 37.924495774858599 ], [ -1.160406771468729, 37.924495860698357 ], [ -1.160757614694489, 37.924376385868868 ], [ -1.160963207797295, 37.924306373293746 ], [ -1.161895417845301, 37.924087361687043 ], [ -1.162295227141385, 37.923933438191966 ], [ -1.163345047906887, 37.923389238963523 ], [ -1.163744171421058, 37.923287582714238 ], [ -1.164379699763458, 37.923090373385378 ], [ -1.164581695752531, 37.923008237251224 ], [ -1.164728510874284, 37.922826092887988 ], [ -1.16489828303088, 37.922647656993433 ], [ -1.164926262239533, 37.922398430034548 ], [ -1.16493613474438, 37.922271181967574 ], [ -1.165910636860986, 37.920954929366587 ] ], [ [ -1.142664030801939, 37.924818818786036 ], [ -1.141936929563315, 37.926461254831338 ] ], [ [ -1.142664030801939, 37.924818818786036 ], [ -1.138960021448213, 37.927287882307496 ], [ -1.138367877355165, 37.928070834956884 ], [ -1.13805585599556, 37.928483235492308 ], [ -1.137278542672163, 37.929510987033211 ] ], [ [ -1.155852754369675, 37.925795288362337 ], [ -1.152770952507069, 37.926916078280271 ], [ -1.146796384963011, 37.929242413814279 ], [ -1.143582496522015, 37.930618720599966 ], [ -1.142579129874036, 37.931186112285786 ], [ -1.141594738353376, 37.932206116378495 ] ], [ [ -1.1570902096895, 37.926369142057752 ], [ -1.157766032697623, 37.925906804383828 ], [ -1.15869861263792, 37.925054350388962 ] ], [ [ -1.137278542672163, 37.929510987033211 ], [ -1.136133953385183, 37.931024140088141 ] ], [ [ -1.137278542672163, 37.929510987033211 ], [ -1.131299169844908, 37.931470492719086 ] ], [ [ -1.13160380095519, 37.935842004736912 ], [ -1.13267934307936, 37.935588835550504 ], [ -1.133757093360089, 37.935341636099736 ], [ -1.134836999043387, 37.935100418487764 ], [ -1.135919007270559, 37.934865194525003 ], [ -1.136257931350826, 37.934783863959751 ], [ -1.136594471797991, 37.934696545440431 ], [ -1.136928459965418, 37.934603282723742 ], [ -1.13725972848755, 37.934504122544865 ], [ -1.137588111363186, 37.934399114594441 ], [ -1.137913444039555, 37.934288311493674 ], [ -1.13823556349422, 37.934171768767271 ], [ -1.138554308317282, 37.934049544816503 ], [ -1.138869518792433, 37.933921700889243 ], [ -1.139181036976311, 37.933788301049105 ], [ -1.139454227963654, 37.933664329018427 ], [ -1.139723482098191, 37.933535067374862 ], [ -1.139988636145517, 37.933400594490308 ], [ -1.140249529359664, 37.933260991896475 ], [ -1.140506003580924, 37.933116344234463 ], [ -1.140757903331405, 37.932966739204062 ], [ -1.141005075909277, 37.932812267510315 ], [ -1.141247371481938, 37.932653022808097 ] ], [ [ -1.125408713048614, 37.937676979228911 ], [ -1.126118051165918, 37.937483539068467 ], [ -1.126824925744359, 37.937284526448423 ], [ -1.127529266959641, 37.937079961027109 ], [ -1.1282310052394, 37.936869863012021 ], [ -1.128930071269963, 37.936654253156348 ], [ -1.129626397939376, 37.936433149705067 ], [ -1.130319914702852, 37.936206577299288 ], [ -1.131010552891894, 37.935974558592989 ] ], [ [ -1.120082450055293, 37.939795752513703 ], [ -1.122451649755192, 37.938830180245191 ], [ -1.125129856627723, 37.937794032754198 ] ], [ [ -1.11817805315377, 37.940145715610981 ], [ -1.11871534735883, 37.940080085990132 ], [ -1.119315369545518, 37.940007458423054 ], [ -1.120023036301461, 37.939820664104559 ] ], [ [ -1.118143153550932, 37.940247813062342 ], [ -1.118006173065396, 37.940274029548391 ], [ -1.11780207759216, 37.94029391703134 ], [ -1.117269688098872, 37.940411172181484 ], [ -1.115933821584122, 37.940765978007278 ], [ -1.114993347893744, 37.941074594368729 ], [ -1.112588466811019, 37.942491350171906 ], [ -1.108643589024439, 37.944507791111278 ], [ -1.106642044082946, 37.945300322496678 ] ] ] } },
{ "type": "Feature", "properties": { "ID": "ES614", "FaultName": "Carrascoy (2/2)", "SectionNam": "Northeast (El Palmar-Los Ramos)", "LocationX": -1.131, "LocationY": 37.931, "Geological": "Betic Range (Murcia)", "Identifica": "Geological/Geomorphological field mapping, geometrical modelling and detailed morphotectonic analysis", "NameOfComp": "Martín-Banda, R., García-Mayordomo, J., Insua-Arévalo, J.M.", "Filiation": "IGME and UCM", "EmailCompi": "r.martin@igme.es", "Last_Updat": "2021-03-23", "AverageStr": "050", "StrikeErro": "±5", "StrikeSour": "LD", "StrikeComm": "Baena et al. (1993); Silva (1994); Sanz de Galdeano et al. (1998); Silva et al. (2003); Martín-Banda (2020); Martín-Banda et al. (2021).", "Dip": "85", "DipError": "80-90", "DipSource": "LD", "DipComment": "Silva (1994); Sanz de Galdeano et al. (1998); Silva et al. (2003); Martín-Banda (2020); Martín-Banda et al. (2021).", "Rake": 17.0, "RakeError": "1.9-32", "RakeSource": "LD", "RakeCommen": "Rake varies between 2 and 32 degrees according to the fault geometry (Martín-Banda, 2020; Martín-Banda et al., 2021).", "SenseOfMov": "SR", "SenseOfM_1": "S to SR", "SenseOfM_2": "LD", "SenseOfM_3": "Left-lateral fault with variable reverse component depending on its orientation (Martín-Banda, 2020; Martín-Banda et al., 2021).", "Length": 16.0, "LengthErro": "±2", "LengthSour": "LD", "LengthComm": "Martín-Banda (2020), Martín-Banda et al. (2021).", "MinDepth": 0.0, "MinDepthEr": null, "MinDepthSo": "LD", "MinDepthCo": "Outcrops at the surface (Baena et al., 1993; Silva, 1994; Sanz de Galdeano et al., 1998; Silva et al., 2003; Martín-Banda, 2020; Martín-Banda et al.,2021).", "MaxDepth": 12.0, "MaxDepthEr": null, "MaxDepthSo": "LD", "MaxDepthCo": "Given value is the depth of the fragile crust. The fault depth reaches the lower crust. García-Mayordomo (2005), table 4.21.", "Width": 12.045838052300001, "WidthError": null, "WidthSourc": "AR", "WidthComme": null, "Area": 192.73340883700001, "AreaError": null, "AreaSource": "AR", "AreaCommen": null, "AYDA": "27.8 ka", "AYDAError": "± 1.9 ky", "AYDASource": "LD", "AYDACommet": "Silty layer from OSL dating method in the Los Ramos quarry: 25.90-29.70 ka (Martín-Banda, 2020; Martín-Banda et al., 2021).", "VerticalSl": 0.026, "Vertical_1": "± 0.03", "Vertical_2": "LD", "Vertical_3": "VSR and HSR vary according to the fault geometry. VSR is 0.02 ± 0.001 in the Torreagüera alluvial fans (channel offsets) and 0.26 ± 0.03 in Los Ramos quarry (progressive discordance) for last ~124 ky (Martín-Banda, 2020; Martín-Banda et al., 2021).", "Horizontal": 0.42, "Horizont_1": "± 0.03", "Horizont_2": "LD", "Horizont_3": "VSR and HSR vary according to the fault geometry. HSR is 0.49 ± 0.02 in the Torreagüera alluvial fans (channel offsets) and 0.42 ± 0.03 in Los Ramos quarry (progressive discordance) for last ~124 ky (Martín-Banda, 2020; Martín-Banda et al., 2021).", "NetSlipRat": 0.49, "NetSlipR_1": "± 0.02", "NetSlipR_2": "LD", "NetSlipR_3": "NSR for last ~124 ky (the same throughout the fault). The fault shows supercycles during the last 210 ka, formed a long phase with NSR<1m/ky and a short phase with NSR>1m/ky (max. NSR: 1.65±0.31 m/ky) (Martín-Banda et al., 2021).", "MaxSlipPer": 1.14, "MaxSlipP_1": "± 0.06", "MaxSlipP_2": "LD", "MaxSlipP_3": "Estimated in the linking area with SW segment (Algezares quarry) for complete ruptures of Carrascoy Fault between 26 and 6 ka (Martín-Banda, 2020).", "NumSeismic": "6-7", "NumSeism_1": null, "NumSeism_2": "LD", "NumSeism_3": "Estimated in the linking area with SW segment (Algezares quarry) for complete ruptures of Carrascoy Fault between 26 and 6 ka (Martín-Banda, 2020).", "EAC": null, "EACSource": null, "EACComment": "Unknown", "Geomorphic": "Fault scarp and progressive discordance affecting Upper Pleistocene alluvial fans, very likely Holocene, and channel offsets.", "Geomorph_1": "LD", "Geomorph_2": "Baena et al. (1993); Silva (1994); Sanz de Galdeano et al. (1998); Silva et al. (2003); Martín-Banda (2020); Martín-Banda et al. (2021).", "MaxMagnitu": 6.82, "MaxMagni_1": "± 0.39", "MaxMagni_2": "LD", "MaxMagni_3": "Magnitude from total length of the Carrascoy Fault using Leonard et al. (2014) equation derived from the instrumental dataset or 7.10 ± 0.30 if the Los Tollos Fault rupture is included (see discussion in Martín-Banda, 2020).", "Recurrence": 3268.0, "Recurren_1": "± 376", "Recurren_2": "LD", "Recurren_3": "RI for the complete rupture of Carrascoy Fault between 26 and 6 ka or a RI of 2600-3312 years for the multi-fault rupture of Carrascoy and Los Tollos faults during the last 6 ka (see discussion in Martín-Banda, 2020).", "DLME": "2440", "DLMEError": "2140-2740", "DLMESource": "LD", "DLMECommen": "Last major earthquake identified in the linking zone with SW segment (Buenavista outcrop) and correlated to the last major event identified in the Los Tollos Fault (Martín-Banda, 2020).", "RelatedEar": 0, "Extended_I": "EXTENDED INFORMATION\\", "References": "Baena et al. (1993) in: ITGE (1993a): Mapa Neotectónico, Sismotectónico y de Actividad de Fallas de la Región de Murcia (Escalas 1:200.000 y 1:100.000) and ITGE (1993b): Fichero de Fallas del Mapa Neotectónico, Sismotectónico y de Actividad de Falla", "StrengthOf": "A+", "MaxMagni_4": "A", "SlipRateAc": "A", "Recurren_4": "A", "Fault_Trac": "1", "Slip_Rate_": "2", "Activity_D": "2", "OrdenVisua": "132", "BaseDeDato": "QAFI_V.3" }, "geometry": { "type": "MultiLineString", "coordinates": [ [ [ -1.129675402701764, 37.932809082532515 ], [ -1.130597973511556, 37.932041669979981 ], [ -1.131299169844908, 37.931470492719086 ], [ -1.13119029526871, 37.931820314927855 ], [ -1.131007743064856, 37.932085384170477 ], [ -1.130716674521012, 37.932400869529893 ], [ -1.130601865406333, 37.932498585835901 ], [ -1.130230192819226, 37.932784007967655 ], [ -1.129985928023018, 37.932951986806188 ], [ -1.129908064901144, 37.933264826312097 ], [ -1.129532551892624, 37.933739949598078 ], [ -1.128735495283194, 37.934371250943116 ], [ -1.128320853650678, 37.93452876676929 ], [ -1.127066664984, 37.934962799462483 ], [ -1.124914945657622, 37.935287057709729 ], [ -1.123584817315305, 37.935536690647496 ], [ -1.122902774386091, 37.935647476079168 ], [ -1.122827240622314, 37.935681737068251 ], [ -1.122653371654394, 37.935750250485228 ] ], [ [ -1.122630041451714, 37.935597450313821 ], [ -1.12486005266436, 37.935007120336877 ], [ -1.128717161088844, 37.933526929024822 ], [ -1.129390511281088, 37.933065409816329 ] ], [ [ -1.122318266597518, 37.935654261176808 ], [ -1.121244518289473, 37.936244594429695 ], [ -1.120025233602916, 37.936835514561892 ], [ -1.11940340869569, 37.937077126537645 ], [ -1.118862577153209, 37.937507204028236 ], [ -1.117299873274021, 37.938340577875522 ], [ -1.116270693892773, 37.939029875798951 ] ], [ [ -1.114601629574111, 37.940076103248202 ], [ -1.111959417961827, 37.941541913567335 ], [ -1.110789180167103, 37.94227541923442 ], [ -1.109677637264042, 37.942964262526694 ], [ -1.108539636614922, 37.943561481770701 ], [ -1.10690892802853, 37.944287540623925 ], [ -1.105809288496573, 37.944691411477272 ], [ -1.104384390665928, 37.945067561175343 ], [ -1.103620427840725, 37.945239153104474 ] ], [ [ -1.101955890185934, 37.944699340006423 ], [ -1.099608041822193, 37.946422929527671 ] ], [ [ -1.099537070172289, 37.946834426269049 ], [ -1.097742262945643, 37.948500332764979 ], [ -1.095607025955303, 37.949719406834788 ], [ -1.093715963598811, 37.95063181053581 ] ], [ [ -1.089719255978763, 37.952332455340525 ], [ -1.088458197897069, 37.953163034686781 ], [ -1.087936530185232, 37.953454359239743 ], [ -1.087733347137317, 37.953527102752275 ] ], [ [ -1.089022648504226, 37.953708957677861 ], [ -1.091231249068415, 37.952367722380131 ], [ -1.091983972999628, 37.951847457321378 ] ], [ [ -1.087179197994488, 37.95375931058976 ], [ -1.085825301570367, 37.954254589042137 ], [ -1.084387631627806, 37.954788247652232 ] ], [ [ -1.08800529804455, 37.953787749759165 ], [ -1.090027881316586, 37.953674688539941 ], [ -1.09068018391855, 37.953582753916294 ] ], [ [ -1.087032795476261, 37.954147485138265 ], [ -1.085029184925361, 37.954888597390891 ] ], [ [ -1.070877786679603, 37.958815916704403 ], [ -1.073800891079771, 37.95659542514295 ], [ -1.075064689239808, 37.95568931996803 ], [ -1.077148863647552, 37.953868271448414 ] ], [ [ -1.069622205099393, 37.959819022109173 ], [ -1.06534817027972, 37.963427036597068 ], [ -1.064058012306817, 37.964537841835067 ], [ -1.063798923667207, 37.964464904147356 ], [ -1.063609095867263, 37.964411581171312 ], [ -1.063276029024621, 37.964342650136871 ], [ -1.061479703381793, 37.964000532380567 ] ], [ [ -1.058591127178601, 37.970768100731618 ], [ -1.058978205976131, 37.970441996714044 ], [ -1.059192730641827, 37.970193103997474 ], [ -1.059759778788589, 37.969719546879162 ], [ -1.059945426338174, 37.969514077827228 ], [ -1.060146086924193, 37.969264954358891 ], [ -1.060554616337868, 37.969019261445226 ], [ -1.060613354433314, 37.968966792087997 ], [ -1.060708047563879, 37.968844272940821 ], [ -1.061360521689209, 37.968088413308699 ], [ -1.061766497515236, 37.967744915268732 ], [ -1.062042157929169, 37.967309600266731 ], [ -1.06212932410773, 37.96694299962428 ] ], [ [ -1.054980068100065, 37.97451351835349 ], [ -1.055172448326402, 37.97431741798664 ], [ -1.055312939127873, 37.974130678255221 ], [ -1.055362839705253, 37.973860189677566 ], [ -1.055461675453216, 37.973369014379792 ], [ -1.05569339389956, 37.97323463182493 ], [ -1.056153299384108, 37.972838336900395 ], [ -1.056500915471418, 37.972650648119611 ], [ -1.057345451039282, 37.9720655867551 ], [ -1.057703498997057, 37.971705292919118 ], [ -1.057725319457858, 37.971581040478611 ], [ -1.057876696400228, 37.971002688549902 ], [ -1.057938941514976, 37.970767355250764 ] ], [ [ -1.054906648189842, 37.974801107085341 ], [ -1.054297180995605, 37.975444920710352 ], [ -1.053998440691658, 37.975610883852937 ], [ -1.053832533295462, 37.97570161354696 ], [ -1.053647325631972, 37.97583516674905 ] ], [ [ -1.054334301203426, 37.975394541830099 ], [ -1.053677790537222, 37.975358598019682 ], [ -1.053507145719493, 37.975345516650073 ] ], [ [ -1.053796897036364, 37.975754745514223 ], [ -1.053710955665736, 37.976041265261195 ], [ -1.053689203210354, 37.976121611295191 ] ], [ [ -1.053689203210354, 37.976121611295191 ], [ -1.053647674361742, 37.976275004473337 ] ], [ [ -1.054321628972161, 37.97639452846812 ], [ -1.053397019946658, 37.977641637718307 ], [ -1.052176356450501, 37.97902569087023 ], [ -1.051036594628499, 37.980211455604774 ], [ -1.0496154615426, 37.981516391678099 ] ], [ [ -1.048735235038577, 37.978755759800151 ], [ -1.053689203210354, 37.976121611295191 ] ], [ [ -1.050008221991562, 37.982782463133965 ], [ -1.045186856927331, 37.985626159920109 ], [ -1.044321282670694, 37.986059782032385 ], [ -1.043122757392552, 37.986668979208282 ], [ -1.041487084330754, 37.987495193123898 ], [ -1.038362907898089, 37.989139983258163 ], [ -1.035968231143954, 37.990928653844783 ], [ -1.033296876281327, 37.991783391178444 ], [ -1.030933088207178, 37.992796356384588 ], [ -1.028716544128543, 37.993656668021629 ], [ -1.027756590835168, 37.994074051275788 ] ], [ [ -1.034116561766495, 37.992014570048639 ], [ -1.028817894958934, 37.994522274391841 ], [ -1.027616532674983, 37.995158959983769 ], [ -1.026935372304309, 37.995885171482882 ], [ -1.025688534737071, 37.996875027261353 ], [ -1.023937251436451, 37.997883918727894 ], [ -1.022738003089444, 37.998340775241218 ] ], [ [ -1.0277401154151, 37.994070906829336 ], [ -1.027158507381899, 37.994357321111636 ], [ -1.02654734564095, 37.994809821631584 ], [ -1.026181256400378, 37.995164854099357 ], [ -1.025758744013955, 37.99549636322098 ], [ -1.025365648926254, 37.99579450434544 ], [ -1.024863715923459, 37.996081803238383 ], [ -1.02345417035076, 37.996976852536704 ], [ -1.021407817223974, 37.998177779410526 ], [ -1.020423513403046, 37.99847894644995 ] ], [ [ -1.013667940486584, 37.998435808604484 ], [ -1.015595782901528, 37.998548460966902 ], [ -1.015820733360954, 37.998561603738779 ] ], [ [ -1.015530430105684, 37.998934013934957 ], [ -1.017130664424826, 37.99905357277067 ], [ -1.017844730915385, 37.999158696008074 ], [ -1.017908049500249, 37.999177419882074 ], [ -1.018193924876641, 37.99926195594486 ], [ -1.018709464046026, 37.999425563854288 ], [ -1.019117996384182, 37.999645338914661 ], [ -1.019228196693519, 37.99969134857156 ] ], [ [ -1.018807963570622, 37.999367728012601 ], [ -1.019480714907502, 37.999273592372333 ], [ -1.019922119158082, 37.999208941146776 ], [ -1.020323924561694, 37.999100824720756 ], [ -1.02102000030942, 37.99890190650467 ], [ -1.02143151459444, 37.99876254313898 ], [ -1.022546549215803, 37.998404410882017 ] ] ] } },
{ "type": "Feature", "properties": { "ID": "ES631", "FaultName": "Amarguillo", "SectionNam": "Amarguillo", "LocationX": -1.51032411, "LocationY": 37.77421717, "Geological": "Betic Range (Murcia)", "Identifica": "Geological/Geomorphological field mapping", "NameOfComp": "Gómez-Novell, O., Martinez-Diaz, J.J.", "Filiation": "UB and UCM", "EmailCompi": "octgomez@ub.edu", "Last_Updat": "2021-07-19", "AverageStr": "010", "StrikeErro": "± 5", "StrikeSour": "LD", "StrikeComm": "IGME (1993); Martinez -Díaz et al. (2010); Gómez-Novell (2020)", "Dip": "90", "DipError": "± 5", "DipSource": "OD", "DipComment": "Observation in the field. Consistent with data from Gómez-Novell (2021) suggesting an average dip of the fault branches ~86º.", "Rake": -60.0, "RakeError": "60-90", "RakeSource": "EJ", "RakeCommen": null, "SenseOfMov": "NS", "SenseOfM_1": "N to NS", "SenseOfM_2": "LD", "SenseOfM_3": "IGME (1993); Martinez -Díaz et al. (2010). This area has been interpreted as a transtensional bend with left-lateral component (Gómez-Novell, 2021).", "Length": 12.0, "LengthErro": "- 0.5 / + 2", "LengthSour": "EJ", "LengthComm": "Based on  data  from Martinez -Díaz et al. (2010); IGME (1993).", "MinDepth": 0.0, "MinDepthEr": null, "MinDepthSo": null, "MinDepthCo": null, "MaxDepth": 8.0, "MaxDepthEr": null, "MaxDepthSo": "EJ", "MaxDepthCo": "Inferred from data included in Martinez -Díaz et al. (2010); IGME (1993) to maintain a realistic shape factor.", "Width": 8.0, "WidthError": null, "WidthSourc": "AR", "WidthComme": null, "Area": 96.0, "AreaError": null, "AreaSource": "AR", "AreaCommen": null, "AYDA": "Upper Pleistocene", "AYDAError": null, "AYDASource": "LD", "AYDACommet": "IGME (1993); Martinez -Díaz et al. (2010).", "VerticalSl": 0.03, "Vertical_1": "0.010-0.047", "Vertical_2": "LD", "Vertical_3": "From vertical displacements in alluvial fan surfaces. The age of such displacements is assumed to be from the start of the middle Pleistocene (781 ka). The 0.03 m/ka value corresponds to the median of the range provided. Data from Herrero-Gil (2014).", "Horizontal": 0.212, "Horizont_1": "0.156-0.268", "Horizont_2": "LD", "Horizont_3": "From lateral displacements of drainage channels in alluvial fan surfaces. Like the VSR, age of the deformation is to be from the start of the middle Pleistocene (781 ka). The 0.212 m/ka corresponds to the median of the range. Data from Herrero-Gil (2014)", "NetSlipRat": 0.215, "NetSlipR_1": "0.156-0.273", "NetSlipR_2": "AR", "NetSlipR_3": "From the VSR and LSR considering a vertical dip.", "MaxSlipPer": 0.0, "MaxSlipP_1": null, "MaxSlipP_2": null, "MaxSlipP_3": "Unknown", "NumSeismic": null, "NumSeism_1": null, "NumSeism_2": null, "NumSeism_3": "Unknown", "EAC": null, "EACSource": null, "EACComment": "Unknown", "Geomorphic": "Very clear surface expression, deforms alluvial fans and produce blocking and deflections in fluvial network", "Geomorph_1": "LD", "Geomorph_2": "IGME (1993); Martinez -Díaz et al. (2010).", "MaxMagnitu": 0.0, "MaxMagni_1": null, "MaxMagni_2": null, "MaxMagni_3": "Unstated", "Recurrence": 0.0, "Recurren_1": null, "Recurren_2": null, "Recurren_3": "Unstated", "DLME": null, "DLMEError": null, "DLMESource": null, "DLMECommen": "Unknown", "RelatedEar": 0, "Extended_I": null, "References": "Gómez-Novell, O. (2021). Paleoseismic transect across the Alhama de Murcia Fault and implications of a fault-based seismic hazard assessment for the Eastern Betics. Tesis Doctoral, Universitat de Barcelona, 385 pp.\n\nHerrero Gil, A. (2014). Estudio geomo", "StrengthOf": "A+", "MaxMagni_4": null, "SlipRateAc": "C", "Recurren_4": null, "Fault_Trac": "1", "Slip_Rate_": "2", "Activity_D": "2", "OrdenVisua": "150", "BaseDeDato": "QAFI_V.3" }, "geometry": { "type": "MultiLineString", "coordinates": [ [ [ -1.509985511027878, 37.773445102789758 ], [ -1.508060892179685, 37.775179402063202 ], [ -1.505163198634307, 37.777830633847543 ], [ -1.504241353831219, 37.778845341870749 ], [ -1.504035589038835, 37.779087133981193 ], [ -1.503267243842572, 37.779858718778826 ], [ -1.502675980919151, 37.780577754617184 ], [ -1.502081545923602, 37.781367121593917 ], [ -1.501968700961242, 37.781474204100903 ], [ -1.501644278386038, 37.781782057187741 ], [ -1.50114583432969, 37.782252692505097 ], [ -1.500699813694951, 37.782468780039665 ], [ -1.500426735622738, 37.782601223620929 ], [ -1.499915030706689, 37.782945237711033 ], [ -1.499398692930697, 37.783518107304523 ], [ -1.498396353274985, 37.784435201146152 ], [ -1.498351874780553, 37.784499182289551 ], [ -1.498152948335985, 37.784760405485144 ], [ -1.497225229094511, 37.786445749730433 ], [ -1.495977297880018, 37.788718988803907 ], [ -1.494703495912915, 37.79044211541526 ], [ -1.492977809703007, 37.792361463752229 ], [ -1.491197594933965, 37.794067624635886 ], [ -1.490837929474879, 37.794460113731532 ], [ -1.490481972476062, 37.794914109628905 ], [ -1.489030788045681, 37.796835074193041 ], [ -1.488124737537362, 37.798173560691055 ], [ -1.487300577689439, 37.79950404332817 ], [ -1.484938505056903, 37.803526939679493 ], [ -1.484798579424308, 37.803765234262869 ], [ -1.484321634864045, 37.804785491169923 ], [ -1.484277962625754, 37.804955064395926 ], [ -1.484094920889163, 37.80582306485519 ], [ -1.483932747438247, 37.806405189055397 ], [ -1.483805763613418, 37.806947671161595 ], [ -1.483796231646578, 37.806988391913137 ] ], [ [ -1.483796231646578, 37.806988391913137 ], [ -1.483710381754577, 37.807156488072735 ] ], [ [ -1.483796231646578, 37.806988391913137 ], [ -1.483506792136779, 37.807946868963427 ], [ -1.483343023866042, 37.808606468963831 ], [ -1.483196349203808, 37.809164946017063 ], [ -1.482523682586248, 37.811630929337866 ], [ -1.482393061143739, 37.81210288789066 ], [ -1.482272043285604, 37.812789526449251 ], [ -1.482249158685988, 37.813034802410577 ], [ -1.480960730352365, 37.816306941481741 ], [ -1.480578720159826, 37.817346438578511 ], [ -1.479201387173304, 37.823310016570815 ], [ -1.479103514958069, 37.824343638230914 ] ], [ [ -1.483710381754577, 37.807156488072735 ], [ -1.48281234983898, 37.808528390971048 ], [ -1.482675622390445, 37.808737261149417 ], [ -1.482158101079904, 37.80935870049813 ], [ -1.481652380096136, 37.809920332158583 ], [ -1.480639525335562, 37.810911639811593 ], [ -1.480356639397599, 37.811168015606135 ], [ -1.480035771160374, 37.811458811216141 ], [ -1.479897299748529, 37.811584303719485 ], [ -1.479803109410966, 37.811678138653974 ], [ -1.479466865812469, 37.812064506446688 ], [ -1.479193239811138, 37.812378918383843 ], [ -1.479173113522961, 37.812402044506541 ], [ -1.479011049770066, 37.812644744177589 ], [ -1.47865214890669, 37.813182211923788 ], [ -1.478009720214346, 37.81422154918738 ], [ -1.477964687120731, 37.814347096575489 ], [ -1.476738999998076, 37.817764000230056 ], [ -1.476687467902422, 37.8179249096126 ], [ -1.476482995546235, 37.818563368756315 ], [ -1.476350290156005, 37.819063221936631 ], [ -1.476255156933916, 37.819332148402452 ], [ -1.476149891779415, 37.819718500649344 ] ], [ [ -1.483710381754577, 37.807156488072735 ], [ -1.482748300706874, 37.809086042781075 ], [ -1.482419626551064, 37.809725632742015 ], [ -1.482092752645428, 37.810277017076089 ], [ -1.481322649400624, 37.811285969833534 ], [ -1.480965028402806, 37.811766223153143 ], [ -1.480701261106447, 37.812170576106041 ], [ -1.480135642397954, 37.813269164844939 ], [ -1.47981689343925, 37.814003621794086 ], [ -1.479463604169438, 37.815401166220909 ], [ -1.47897192820949, 37.817951574917572 ], [ -1.478915211564583, 37.818165330713441 ], [ -1.47881155694222, 37.818554872547736 ], [ -1.478026859520298, 37.821365812209422 ], [ -1.477542724130671, 37.822732549340515 ], [ -1.47728415943044, 37.823314493095211 ], [ -1.477196185313914, 37.823572673007163 ], [ -1.477107046875403, 37.823887470334228 ], [ -1.477041085690643, 37.824249111777242 ], [ -1.477029612292313, 37.824339687328745 ] ], [ [ -1.474132008347625, 37.81755783150885 ], [ -1.473698338439079, 37.818911393731696 ], [ -1.4736850817701, 37.819555044852223 ], [ -1.473501604823128, 37.820336248247884 ], [ -1.47314576183561, 37.821658361538368 ], [ -1.473089164380951, 37.821792836691884 ], [ -1.472847821350968, 37.822839417665193 ], [ -1.472749898626546, 37.823966276741317 ], [ -1.472589841342482, 37.825168386988025 ], [ -1.472469416832155, 37.825906028204194 ], [ -1.472148084074206, 37.827347677199782 ], [ -1.471630558474146, 37.829165777998753 ], [ -1.471090422843246, 37.830270551695492 ], [ -1.469378118437077, 37.832782133285832 ], [ -1.468585184171445, 37.833752594306134 ], [ -1.466878744534142, 37.83630567173401 ], [ -1.465640810491038, 37.838260126119387 ], [ -1.46488633239636, 37.839594195298957 ] ], [ [ -1.476056630534913, 37.819840526604764 ], [ -1.475721469316681, 37.820682327783231 ], [ -1.475620769712122, 37.821193698121476 ], [ -1.475535094822021, 37.821705262820501 ], [ -1.475421327912954, 37.822121082570163 ] ], [ [ -1.476412168229217, 37.820710620314337 ], [ -1.47615214270553, 37.821661067622756 ], [ -1.476070108747251, 37.822112180292152 ], [ -1.475951445913892, 37.822627941781832 ], [ -1.475854568735884, 37.822950533777089 ], [ -1.475854472478659, 37.822950792012648 ], [ -1.475781926829712, 37.823145414651208 ], [ -1.475593369128603, 37.823543574695861 ], [ -1.475569604803639, 37.823596121220305 ], [ -1.475568182149345, 37.823600763973502 ], [ -1.475530311319006, 37.823724353090249 ], [ -1.475483009371203, 37.823787596143859 ], [ -1.475442197728682, 37.823877836158424 ], [ -1.475362479726186, 37.824099095316626 ], [ -1.475314234443318, 37.824233000509196 ], [ -1.475148910970006, 37.824691853180923 ], [ -1.475078370047982, 37.824989640770355 ], [ -1.475032443241844, 37.825468336058066 ], [ -1.474989459865242, 37.825803997770144 ], [ -1.474882650635834, 37.826435355239767 ] ], [ [ -1.476368089173093, 37.821976891890699 ], [ -1.47590328844899, 37.824322048957413 ] ], [ [ -1.473886961425648, 37.824332376156292 ], [ -1.473915827359235, 37.824224079964154 ] ], [ [ -1.473886961425648, 37.824332376156292 ], [ -1.473914080857527, 37.824226534716097 ], [ -1.473943668503978, 37.824111059976133 ], [ -1.473967589150334, 37.824017702129538 ], [ -1.473987866067091, 37.823938564881644 ], [ -1.47401656552546, 37.823826555615085 ], [ -1.474417394139322, 37.822644090110884 ], [ -1.474485821528163, 37.822504958242916 ], [ -1.474506201461453, 37.822433493649726 ], [ -1.474683645572839, 37.822043129362726 ], [ -1.474736485302231, 37.821801853776208 ], [ -1.474858044545272, 37.821445748837561 ], [ -1.474931170022672, 37.821153056873243 ], [ -1.475003740767648, 37.820862582771554 ], [ -1.475530553254884, 37.81916599241395 ], [ -1.47581209126696, 37.817843760784001 ], [ -1.475822365317128, 37.817785319137101 ], [ -1.475946075512639, 37.817081613161122 ], [ -1.476189054255883, 37.81578995695633 ], [ -1.476293322429797, 37.815345637105906 ], [ -1.476445055291378, 37.814741690633014 ], [ -1.476618788489873, 37.814185957562415 ] ], [ [ -1.473886961425648, 37.824332376156292 ], [ -1.473885667773459, 37.824337425000635 ], [ -1.473882262602559, 37.824350714641128 ], [ -1.473859301883011, 37.82446059410028 ], [ -1.47384074489986, 37.82454939903613 ], [ -1.473824913280623, 37.824737270854314 ], [ -1.473809081564695, 37.824925142662721 ], [ -1.473802224544954, 37.825373296395178 ], [ -1.473791722947226, 37.825521122034722 ], [ -1.473785553867742, 37.825607960681225 ], [ -1.473791027254322, 37.825834905748764 ], [ -1.473829245923411, 37.826351055008445 ], [ -1.473857999930601, 37.827438251451724 ], [ -1.473778148159283, 37.828030963556159 ], [ -1.473718786575432, 37.828246708306779 ], [ -1.473483125300504, 37.829103186076566 ], [ -1.473330971357995, 37.829523019181181 ], [ -1.473157987476384, 37.830000321263469 ], [ -1.473025579012245, 37.830215451943843 ], [ -1.472421676504894, 37.831691885985549 ], [ -1.471961714433859, 37.832628494823496 ], [ -1.471387200877758, 37.833452546956721 ], [ -1.470229128700681, 37.8343531641043 ], [ -1.469666541625543, 37.835025442627682 ], [ -1.468992458010121, 37.836000295155259 ], [ -1.468613894359634, 37.836496121795612 ], [ -1.468171258980704, 37.837545514751071 ], [ -1.467886427783413, 37.838233319862638 ], [ -1.467686518321898, 37.838812779879106 ], [ -1.467542153565944, 37.839186121873752 ], [ -1.467199999001251, 37.839801984451753 ], [ -1.466867174056745, 37.84047600819315 ], [ -1.46609241441081, 37.842838670120898 ], [ -1.464897666019283, 37.846077965252448 ], [ -1.464249089486656, 37.847772051682512 ], [ -1.463941492007451, 37.848683692975442 ], [ -1.4633960514347, 37.850622339701083 ], [ -1.462962628812932, 37.851799401101403 ], [ -1.462002701434472, 37.853999693278354 ], [ -1.461019409102448, 37.85617944392925 ], [ -1.460362746408805, 37.859664656042469 ], [ -1.459961149668743, 37.863676812235326 ], [ -1.459358100398334, 37.86663763391914 ], [ -1.458965410558335, 37.869486469497645 ], [ -1.458826588597731, 37.870493577143804 ], [ -1.458391324656191, 37.871585646625192 ], [ -1.458160044419798, 37.872165924621697 ], [ -1.457646530920727, 37.873195270275907 ], [ -1.457492525084888, 37.873415779251616 ], [ -1.457281590183982, 37.873636244382226 ], [ -1.456739314686217, 37.874041160500667 ], [ -1.456379154270792, 37.874385082343849 ], [ -1.455669609767085, 37.875224676783489 ], [ -1.455235100185973, 37.875876581717591 ], [ -1.454277334953872, 37.876935387319918 ], [ -1.453766347271653, 37.877414405437719 ] ], [ [ -1.477029612292313, 37.824339687328745 ], [ -1.477017585150463, 37.824473725195048 ] ], [ [ -1.479085719866474, 37.824611094660895 ], [ -1.478854536761788, 37.828843030317216 ], [ -1.47862185569977, 37.83073095406894 ], [ -1.478405235963181, 37.832129064203116 ], [ -1.478179168539953, 37.833180259809751 ] ], [ [ -1.476966619040183, 37.826806999069447 ], [ -1.477008761136744, 37.826511862704479 ], [ -1.476981516840624, 37.82608229536703 ], [ -1.476995826067196, 37.825386198300862 ], [ -1.477007638718929, 37.824814648540269 ], [ -1.477029612292313, 37.824339687328745 ] ], [ [ -1.473781651573972, 37.832778371952543 ], [ -1.473620253675562, 37.833534558560586 ], [ -1.473592343145242, 37.833788522814132 ], [ -1.473207440281783, 37.835053823117448 ], [ -1.47294457613009, 37.835408092844034 ], [ -1.472691010141432, 37.835833164399268 ], [ -1.472454077472775, 37.83623035228112 ], [ -1.472107944520871, 37.836976985901458 ], [ -1.471953238517472, 37.83755322492209 ], [ -1.471806659633217, 37.838099762625347 ], [ -1.471703969362296, 37.838923474242677 ], [ -1.471643420813336, 37.839539214978053 ], [ -1.471538268463348, 37.839989350780115 ], [ -1.471429618795923, 37.840298474278597 ], [ -1.471194706556389, 37.840871216342009 ], [ -1.47024218061648, 37.84295071780798 ], [ -1.469710053659071, 37.844112427680273 ], [ -1.4696093209472, 37.844405319378893 ], [ -1.469559959463254, 37.844925237385318 ], [ -1.468785229060927, 37.847490443625418 ], [ -1.468161852205696, 37.849714242300244 ], [ -1.467465096093008, 37.851994309757231 ], [ -1.4667510005782, 37.853907591190762 ], [ -1.465716420905778, 37.856679548215936 ], [ -1.46539900755613, 37.857927889677967 ], [ -1.464883205929027, 37.858985698808397 ], [ -1.463327846980463, 37.863063701369803 ], [ -1.462697289813888, 37.86505293077073 ], [ -1.462205105605278, 37.867158661331302 ], [ -1.462119797258311, 37.868024615661227 ], [ -1.461088834498468, 37.871270802446418 ], [ -1.460841465416422, 37.872316750796188 ], [ -1.460824626672774, 37.872422604782059 ], [ -1.460500115410753, 37.873842940605243 ], [ -1.460479566404615, 37.873930123349275 ], [ -1.460411027097507, 37.874220911686166 ], [ -1.460352726124029, 37.874420447518787 ], [ -1.460183926009676, 37.874725840551768 ], [ -1.459547618808813, 37.875836642152024 ], [ -1.45903627639882, 37.876988817758843 ] ], [ [ -1.473767392352783, 37.832792579551892 ], [ -1.47402901806288, 37.831979254624116 ], [ -1.474217542052827, 37.831285491451695 ], [ -1.475064178067327, 37.828275942852372 ], [ -1.475281023573247, 37.827450673047167 ], [ -1.47534639819611, 37.827120865506288 ], [ -1.475472, 37.826537000914243 ], [ -1.475488161939609, 37.826407466776686 ], [ -1.475510612386699, 37.826295101402081 ], [ -1.475903559360176, 37.82432136414576 ] ], [ [ -1.475724802866409, 37.834360700655054 ], [ -1.475127683486561, 37.83616987232358 ], [ -1.474765185882291, 37.83770351507502 ], [ -1.474547728307413, 37.838853296395143 ], [ -1.474541090660523, 37.839175523870779 ], [ -1.474335685447784, 37.840388968644959 ], [ -1.472321872354769, 37.849178107057575 ], [ -1.470336279725189, 37.858823920072382 ], [ -1.469546886642548, 37.861109946191903 ], [ -1.469163132979929, 37.862213754654135 ], [ -1.468411874663105, 37.863634689720243 ], [ -1.466619773081276, 37.866685311579374 ], [ -1.465588231854667, 37.868904255496147 ] ], [ [ -1.452793527647145, 37.882967479200829 ], [ -1.451313974406333, 37.88459408213992 ], [ -1.450434527570394, 37.885643608447936 ], [ -1.449862588335009, 37.886375271199825 ], [ -1.449105845139343, 37.888232386986139 ], [ -1.44861648540342, 37.889263822521166 ], [ -1.447451541890473, 37.890579009159524 ], [ -1.446937189909021, 37.891430640940257 ], [ -1.446379959642911, 37.892174401976149 ], [ -1.445820462237464, 37.893025432470552 ], [ -1.445438431186915, 37.894021874028631 ], [ -1.444132165759982, 37.897975145033733 ] ] ] } },
{ "type": "Feature", "properties": { "ID": "ES629", "FaultName": "Alhama de Murcia (4/4)", "SectionNam": "Alhama - Alcantarilla", "LocationX": -1.23109073, "LocationY": 38.00316872, "Geological": "Betic Range (Murcia)", "Identifica": "Geological/Geomorphological field mapping", "NameOfComp": "Gómez-Novell, O., Martínez-Díaz, J.J., García-Mayordomo, J.", "Filiation": "UB, UCM and IGME", "EmailCompi": "octgomez@ub.edu", "Last_Updat": "2021-07-19", "AverageStr": "225", "StrikeErro": "+ 4 / - 3", "StrikeSour": "LD", "StrikeComm": "Martínez-Díaz et al. (2012)", "Dip": "57", "DipError": null, "DipSource": "LD", "DipComment": "Based on 3D analysis of the fault plane from seismic profiles by Herrero-Barbero et al. (2020). Dips to the North.", "Rake": 50.0, "RakeError": "75-15", "RakeSource": "EJ", "RakeCommen": "Assumed. Consistent with the 26-55º inferred for the simple shear direction of transpression by Alonso-Henar et al. (2020), as mentioned in Herrero-Barbero et al. (2020).", "SenseOfMov": "RS", "SenseOfM_1": "RS to SR", "SenseOfM_2": "LD", "SenseOfM_3": "Martínez-Díaz et al. (2012)", "Length": 25.0, "LengthErro": "17 to 25", "LengthSour": "LD", "LengthComm": "Martínez-Díaz et al. (2012). According to García-Mayordomo (2005) Table 3.12, 17 km is the length of single faults in the fault zone.", "MinDepth": 0.0, "MinDepthEr": null, "MinDepthSo": "LD", "MinDepthCo": "Outcrops at the surface. Martínez-Díaz et al. (2012)", "MaxDepth": 12.0, "MaxDepthEr": null, "MaxDepthSo": "LD", "MaxDepthCo": "Given value is max depth of fragile rupture (seismogenic) which for this fault  is deeper that the fragile-ductile transition in the area. García-Mayordomo (2005). table 4.21. See discussion on p. 306", "Width": 14.3083595246, "WidthError": null, "WidthSourc": "AR", "WidthComme": null, "Area": 357.70898811500001, "AreaError": null, "AreaSource": "AR", "AreaCommen": null, "AYDA": "Middle Pleistocene", "AYDAError": "Lower to Middle Pleistocene", "AYDASource": "LD", "AYDACommet": "I.T.G.E. (1993); Martínez-Díaz et al. (2012)", "VerticalSl": 0.17, "Vertical_1": "+0.031/-0.023", "Vertical_2": "AR", "Vertical_3": "Derived from the dip-slip rate (DSR) of 0.198+0.036/-0.027 m/ka from Herrero-Barbero et al. (2020), considering a dip= 57º (VSR=SIN (DIP)*DSR). The DSR is a maximum for the segment representative for the last 4.8-7.6 Ma.", "Horizontal": 0.232, "Horizont_1": "+0.114/-0.112", "Horizont_2": "LD", "Horizont_3": "From Herrero-Barbero et al. (2020) based on decomposition of horizontal GPS motion vectors of the CuaTeNeo network (Echeverria et al., 2013) onto the fault plane.", "NetSlipRat": 0.32, "NetSlipR_1": "+0.18/-0.13", "NetSlipR_2": "LD", "NetSlipR_3": "Maximum value inferred for the segment from Herrero-Barbero et al. (2020). This slip rate is inferred from the vertical slip rate and the lateral slip rate from GPS data. The values are representative for the last 4.8-7.6 Ma.", "MaxSlipPer": 0.0, "MaxSlipP_1": null, "MaxSlipP_2": null, "MaxSlipP_3": "Unknown", "NumSeismic": null, "NumSeism_1": null, "NumSeism_2": null, "NumSeism_3": "Unknown", "EAC": null, "EACSource": null, "EACComment": "Unknown", "Geomorphic": "Low geomorphic expression compared to Puerto Lumbreras-Lorca,  Lorca-Totana and Totana-Alhama segments (Silva, 1994; Martínez-Díaz, 1998).", "Geomorph_1": "LD", "Geomorph_2": "Silva (1994) and Martínez-Díaz (1998) in García-Mayordomo (2005), p. 126. Martinez-Díaz et al. (2010); Martínez-Díaz et al. (2012)", "MaxMagnitu": 0.0, "MaxMagni_1": null, "MaxMagni_2": null, "MaxMagni_3": "Unstated", "Recurrence": 0.0, "Recurren_1": null, "Recurren_2": null, "Recurren_3": "Unstated", "DLME": null, "DLMEError": null, "DLMESource": null, "DLMECommen": "Unknown", "RelatedEar": -1, "Extended_I": "EXTENDED_INFORMATION\\ES626-ES629.rar", "References": "Alonso-Henar, J., Fernández, C., & Martínez-Díaz, J. J. (2020). Application of the analytic model of general triclinic transpression with oblique extrusion to an active deformation zone: The Alhama de Murcia Fault (SE Iberian Peninsula). Journal of St", "StrengthOf": "B", "MaxMagni_4": null, "SlipRateAc": "C", "Recurren_4": null, "Fault_Trac": "2", "Slip_Rate_": "2", "Activity_D": "3", "OrdenVisua": "149", "BaseDeDato": "QAFI_V.3" }, "geometry": { "type": "MultiLineString", "coordinates": [ [ [ -1.420338381273098, 37.854918538454967 ], [ -1.419088742773056, 37.856397876855226 ], [ -1.417991351172986, 37.857421753755261 ], [ -1.416931864672961, 37.858272418755405 ], [ -1.415675748572937, 37.859041799855561 ] ], [ [ -1.417758431273001, 37.857816230855349 ], [ -1.417047920672929, 37.858396269655437 ], [ -1.416133983372958, 37.859262346255541 ], [ -1.415544308572862, 37.859868066355602 ], [ -1.415081670872893, 37.860210779755619 ], [ -1.414420757472897, 37.860598950655856 ], [ -1.413394925572845, 37.861018297355827 ], [ -1.412200894072783, 37.86149552865578 ], [ -1.410730898572695, 37.862101379156059 ], [ -1.409395365472677, 37.862805287456069 ], [ -1.408658276872643, 37.863204428556116 ], [ -1.407138816072518, 37.863990051256167 ], [ -1.406006685972444, 37.864407894056399 ], [ -1.404477707072431, 37.864928639456423 ], [ -1.4034669341724, 37.865348102356393 ], [ -1.402534094472343, 37.865672354656397 ], [ -1.401231367372304, 37.866256289656519 ], [ -1.399423730072158, 37.867025864256618 ], [ -1.397460149572112, 37.867985806356842 ], [ -1.395829823171993, 37.868974322056886 ] ], [ [ -1.415062820672915, 37.858965166855512 ], [ -1.414051929372818, 37.859396753255567 ], [ -1.413209210272839, 37.859770435455573 ], [ -1.412303987072789, 37.860227495755794 ], [ -1.411139531672745, 37.860741212655739 ], [ -1.410157646672702, 37.861233318655934 ], [ -1.409606267872675, 37.861466519655778 ], [ -1.408132629872568, 37.862240742455981 ], [ -1.407502267172503, 37.862617254656072 ], [ -1.406443433372487, 37.863156417856203 ] ], [ [ -1.407191279572487, 37.86225809015599 ], [ -1.408250353872631, 37.86170689075589 ], [ -1.409925356672659, 37.860742867255738 ] ], [ [ -1.397571975872154, 37.866326855456634 ], [ -1.399164585772212, 37.865674709356483 ], [ -1.401826304772328, 37.864712185656458 ], [ -1.403250902872343, 37.864105832056225 ], [ -1.404919281272385, 37.86345463465625 ], [ -1.405747169172514, 37.863068779456171 ] ], [ [ -1.397634378972099, 37.873956252857624 ], [ -1.395041133571965, 37.875942364157936 ], [ -1.39355921657193, 37.877077257558142 ], [ -1.391917648671836, 37.878570922058316 ], [ -1.39012058617169, 37.880230889358643 ], [ -1.38860500887165, 37.881509646158804 ], [ -1.387858705071664, 37.882317627558841 ], [ -1.386803075571606, 37.883386076659065 ] ], [ [ -1.392106520771847, 37.874073388457646 ], [ -1.393557003071862, 37.872986213057459 ], [ -1.394789256271963, 37.872160756257472 ], [ -1.395714341371956, 37.871499553657429 ], [ -1.396667151172096, 37.870959045357267 ], [ -1.397964201372133, 37.869941918457073 ], [ -1.398977671072203, 37.86940221645699 ], [ -1.400053382872216, 37.86879115715692 ], [ -1.401714517972323, 37.867778935856734 ], [ -1.402606022872362, 37.867261610756657 ], [ -1.40374184907239, 37.866675397556719 ], [ -1.404663154672391, 37.866182525456622 ], [ -1.405737218372508, 37.865643585356395 ], [ -1.406625561072531, 37.865270575456464 ], [ -1.407393027472551, 37.864871858556455 ], [ -1.408526968672618, 37.864369799856206 ], [ -1.409478301872639, 37.863889327756226 ], [ -1.410874287272634, 37.863198267256223 ], [ -1.411505154972758, 37.862797678956099 ] ], [ [ -1.39119497797185, 37.874109062457762 ], [ -1.389386522971676, 37.874902532857732 ], [ -1.386960000971556, 37.876192866458041 ], [ -1.384532344171532, 37.8775312629582 ], [ -1.382293026271441, 37.878583420158293 ], [ -1.380173472571301, 37.879709376458365 ], [ -1.37731906097116, 37.881113941258718 ], [ -1.371939038870892, 37.884143990159203 ] ], [ [ -1.390439878671771, 37.875326043057782 ], [ -1.388350889671699, 37.876452567257957 ], [ -1.386440270571597, 37.877749952258284 ], [ -1.384775552271493, 37.878906291658325 ], [ -1.383082534071435, 37.87996595915854 ], [ -1.381362275071297, 37.88088083855871 ], [ -1.379517252371272, 37.881589892858756 ] ], [ [ -1.394354559071986, 37.875403574857785 ], [ -1.393158346471864, 37.875964805557935 ], [ -1.392114393571831, 37.876504039258123 ], [ -1.39110234697182, 37.876971505158053 ], [ -1.389967311471708, 37.877509474358078 ], [ -1.388924362371654, 37.878000563358341 ], [ -1.387546482571622, 37.878535184458251 ], [ -1.386134030871574, 37.879261833158409 ], [ -1.38496752217145, 37.879847451158525 ], [ -1.383038503571413, 37.880591037458593 ], [ -1.381324022671321, 37.881241283458792 ], [ -1.379517252371272, 37.881589892858756 ] ], [ [ -1.379517252371272, 37.881589892858756 ], [ -1.379004564071181, 37.881786914658733 ], [ -1.375576506971072, 37.883039145359021 ] ], [ [ -1.386004953471513, 37.883784234859149 ], [ -1.384189895471479, 37.884866307659252 ], [ -1.382340218871377, 37.886140393659502 ], [ -1.380517671571283, 37.887559211359587 ], [ -1.379184967171226, 37.888792229359865 ] ], [ [ -1.380047508471194, 37.895157182260782 ], [ -1.380574888271269, 37.893263331060439 ], [ -1.380755665271238, 37.891942260760175 ], [ -1.380996094071294, 37.890670139960037 ], [ -1.38114281137132, 37.889517052759913 ], [ -1.381085991271277, 37.887952065659647 ], [ -1.381118981071268, 37.887832195859687 ] ], [ [ -1.368604835770725, 37.899017906161362 ], [ -1.371580485970811, 37.897663371561123 ], [ -1.374291797270928, 37.895896009860742 ], [ -1.376670099771103, 37.894075861560566 ], [ -1.379096864571239, 37.892809818860371 ], [ -1.379894066771214, 37.892459825960316 ] ], [ [ -1.376422875571052, 37.89979983946148 ], [ -1.377414477371133, 37.898899059461201 ], [ -1.378499772971167, 37.897879238561131 ], [ -1.379122792971202, 37.897165881560966 ], [ -1.380119599671218, 37.896024502760781 ], [ -1.380499193471279, 37.89533185176078 ], [ -1.381012860971281, 37.894063491560644 ], [ -1.381622323571321, 37.892579863860313 ], [ -1.382117706171301, 37.890757758560028 ], [ -1.382482163471366, 37.88936701565985 ] ], [ [ -1.302209462567134, 37.945848238067867 ], [ -1.309800414567519, 37.940572895367268 ], [ -1.315251437267875, 37.936707389466676 ], [ -1.322435236768285, 37.932411301766138 ], [ -1.333040209268802, 37.924977978465051 ], [ -1.339273296669148, 37.920288155664366 ], [ -1.346267808569564, 37.915760377963693 ], [ -1.351626174869864, 37.911588469063076 ], [ -1.356978876770143, 37.907643752262572 ], [ -1.360294663570301, 37.904883878562146 ], [ -1.367700420270693, 37.898716589061166 ], [ -1.369975691670789, 37.897448636861043 ], [ -1.373399573670951, 37.895041418060764 ], [ -1.376064301771067, 37.892623623460338 ], [ -1.377926392571112, 37.890796323360121 ], [ -1.379116870271162, 37.889128197259936 ] ], [ [ -1.298953379766942, 37.946881918468193 ], [ -1.296902586666817, 37.94859656636828 ], [ -1.295676909066686, 37.949830175068485 ], [ -1.294425500666648, 37.951139237368807 ], [ -1.292962566166523, 37.952274575768961 ] ], [ [ -1.277047836565543, 37.96267393927036 ], [ -1.287354851966256, 37.955722177869347 ], [ -1.292246645766511, 37.951988494668861 ], [ -1.294399983066626, 37.950171906268622 ], [ -1.296312519166804, 37.948227780668397 ], [ -1.29893435836692, 37.945630280467817 ], [ -1.298839057466865, 37.945609942167891 ] ], [ [ -1.273384088865385, 37.973189082372016 ], [ -1.268198390565033, 37.975691630872348 ], [ -1.264956282264791, 37.977292580772485 ], [ -1.262847193364621, 37.978402878272618 ], [ -1.260357320064543, 37.979803431872824 ], [ -1.253321304164103, 37.98371528357336 ] ], [ [ -1.247621676763629, 37.992043250174667 ], [ -1.25059781246381, 37.990438835174359 ], [ -1.25530756786418, 37.98780319797396 ], [ -1.25525417116421, 37.987802405674017 ] ], [ [ -1.203052637560631, 37.99716221257529 ], [ -1.208852969561065, 37.995897922675113 ], [ -1.216803464561622, 37.994074124174801 ], [ -1.22402026626213, 37.991646852374579 ], [ -1.233072387162735, 37.988401223373955 ], [ -1.238569382663116, 37.986369940873722 ] ], [ [ -1.22103832246188, 38.000099052375795 ], [ -1.224709590862121, 37.998505819975549 ], [ -1.230638848262515, 37.996312347075161 ], [ -1.236960792062916, 37.99332123237474 ], [ -1.244408631763463, 37.990135211374252 ], [ -1.246301720163614, 37.989148856974168 ] ] ] } },
{ "type": "Feature", "properties": { "ID": "ES628", "FaultName": "Alhama de Murcia (3/4)", "SectionNam": "Totana - Alhama", "LocationX": -1.42364596, "LocationY": 37.85213568, "Geological": "Betic Range (Murcia)", "Identifica": "Geological/Geomorphological field mapping", "NameOfComp": "Gómez-Novell, O., Martínez-Díaz, J.J., García-Mayordomo, J.", "Filiation": "UB, UCM and IGME", "EmailCompi": "octgomez@ub.edu", "Last_Updat": "2021-07-19", "AverageStr": "221", "StrikeErro": "+ 3 / - 2", "StrikeSour": "LD", "StrikeComm": "Martínez-Díaz et al. (2012); Gómez-Novell (2020)", "Dip": "70", "DipError": null, "DipSource": "LD", "DipComment": "Martínez-Díaz et al. (2012)", "Rake": 45.0, "RakeError": "75-15", "RakeSource": "EJ", "RakeCommen": "Assumed.", "SenseOfMov": "SR", "SenseOfM_1": "RS to SR", "SenseOfM_2": "LD", "SenseOfM_3": "Martinez-Díaz et al. (2010, 2012).", "Length": 12.0, "LengthErro": "5 to 12", "LengthSour": "LD", "LengthComm": "Martínez-Díaz et al. (2012). According to García-Mayordomo, J. (2005) Table 3.12., 5 km is the length of single faults in the fault zone.", "MinDepth": 0.0, "MinDepthEr": null, "MinDepthSo": "LD", "MinDepthCo": "Outcrops at the surface. Martínez-Díaz et al. (2012)", "MaxDepth": 12.0, "MaxDepthEr": null, "MaxDepthSo": "LD", "MaxDepthCo": "Given value is max depth of fragile rupture (seismogenic) which for this fault  is deeper that the fragile-ductile transition in the area. García-Mayordomo (2005). table 4.21. See discussion on p. 306", "Width": 12.770133276199999, "WidthError": null, "WidthSourc": "AR", "WidthComme": null, "Area": 153.24159931400001, "AreaError": null, "AreaSource": "AR", "AreaCommen": null, "AYDA": "Middle Pleistocene", "AYDAError": "Lower to Middle Pleistocene", "AYDASource": "LD", "AYDACommet": "I.T.G.E., 1993; Martínez-Díaz et al. (2012)", "VerticalSl": 0.6, "Vertical_1": "0.47-0.73", "Vertical_2": "AR", "Vertical_3": "From NSR and assuming a rake=45º and a dip of 70º.", "Horizontal": 0.64, "Horizont_1": "0.49-0.78", "Horizont_2": "AR", "Horizont_3": "From NSR and assuming a rake=45º.", "NetSlipRat": 0.9, "NetSlipR_1": "0.7-1.1", "NetSlipR_2": "EJ", "NetSlipR_3": "Median value between the net slip rate of the Lorca-Totana segment (1.55+0.14/-0.18 m/ka; Gómez-Novell, 2021) and the Alhama-Alcantarilla (0.32 +0.18/-0.13 m/ka; Herrero-Barbero et al., 2020).", "MaxSlipPer": 0.0, "MaxSlipP_1": null, "MaxSlipP_2": null, "MaxSlipP_3": "Unknown", "NumSeismic": null, "NumSeism_1": null, "NumSeism_2": null, "NumSeism_3": "Unknown", "EAC": null, "EACSource": null, "EACComment": "Unknown", "Geomorphic": "Very low geomorphic expression compared to Goñar-Lorca and Lorca-Totana segments but larger if compared to Alhama-Alcantarilla segment (Silva, 1994; Martínez-Díaz, 1998).", "Geomorph_1": "LD", "Geomorph_2": "Silva (1994) and Martínez-Díaz (1998) in García-Mayordomo (2005), p. 126; Martínez-Díaz et al. (2012)", "MaxMagnitu": 0.0, "MaxMagni_1": null, "MaxMagni_2": null, "MaxMagni_3": "Unstated", "Recurrence": 0.0, "Recurren_1": null, "Recurren_2": null, "Recurren_3": "Unstated", "DLME": null, "DLMEError": null, "DLMESource": null, "DLMECommen": "Unknown", "RelatedEar": -1, "Extended_I": "EXTENDED_INFORMATION\\ES626-ES629.rar", "References": "Garcia-Mayordomo, J. (2005). Caracterización y Análisis de la Peligrosidad Sísmica en el Sureste de España. Tesis Doctoral, Universidad Complutense de Madrid, 373 pp.\n\nI.T.G.E. (1993). Mapa neotectónico, sismotectónico y de actividad de fallas de l", "StrengthOf": "B", "MaxMagni_4": null, "SlipRateAc": "C", "Recurren_4": null, "Fault_Trac": "1", "Slip_Rate_": "1", "Activity_D": "3", "OrdenVisua": "148", "BaseDeDato": "QAFI_V.3" }, "geometry": { "type": "MultiLineString", "coordinates": [ [ [ -1.502270497576433, 37.777199461543773 ], [ -1.502245999576416, 37.777199150043828 ], [ -1.500411936476383, 37.778226100643892 ], [ -1.496047444276202, 37.780776717344338 ], [ -1.493096472276079, 37.782491905744564 ], [ -1.490895050676044, 37.783494555644722 ], [ -1.489434910775969, 37.784195477544813 ], [ -1.488071952475878, 37.784936527645016 ], [ -1.486262799775886, 37.785924673745058 ], [ -1.484946795275845, 37.786763538345269 ], [ -1.484226734775802, 37.787221065545396 ] ], [ [ -1.494124817476119, 37.786159155145242 ], [ -1.495126541476111, 37.78510222654495 ], [ -1.497481956376248, 37.782545490444591 ], [ -1.498813481476304, 37.780928695044452 ], [ -1.501036324576432, 37.778856436243984 ], [ -1.501859297976353, 37.778147266944018 ] ], [ [ -1.479498915875581, 37.793477280646187 ], [ -1.480791674275678, 37.792439101545995 ], [ -1.482477777375663, 37.79053456974583 ], [ -1.48395361187579, 37.789017146245556 ], [ -1.485551019975788, 37.787203153545292 ] ], [ [ -1.487402266975835, 37.79702739484668 ], [ -1.484774871075786, 37.798323665246862 ], [ -1.481707896775674, 37.799912322547129 ], [ -1.479137147375582, 37.801255058347166 ], [ -1.477362053975469, 37.802550696247465 ], [ -1.473686663475348, 37.805214473847911 ] ], [ [ -1.48689778557582, 37.798172431046964 ], [ -1.486000833175808, 37.798713356047017 ], [ -1.484278515175788, 37.799668637147136 ], [ -1.48241185737561, 37.800593284847196 ], [ -1.480509520975545, 37.801488694247325 ], [ -1.477722475375458, 37.80312008824751 ], [ -1.475523738675406, 37.804327811747726 ], [ -1.474765618575362, 37.804693723647802 ] ], [ [ -1.474765618575362, 37.804693723647802 ], [ -1.473686663475348, 37.805214473847911 ] ], [ [ -1.471255294275239, 37.806473166848022 ], [ -1.471760684675246, 37.805791776047897 ], [ -1.473026763375344, 37.804661614247664 ], [ -1.474262494275365, 37.803599840047582 ], [ -1.47581413277544, 37.802633867747545 ], [ -1.477391799875533, 37.801805800947363 ], [ -1.477421163875476, 37.801783248947459 ] ], [ [ -1.475646229875451, 37.806965824848135 ], [ -1.4759024917754, 37.80620546954799 ], [ -1.476193674475383, 37.805418291347848 ], [ -1.47641499887544, 37.804684756647873 ], [ -1.476596351175488, 37.8042234444477 ], [ -1.476630716675402, 37.804223888947774 ] ], [ [ -1.470314470493178, 37.807532190893028 ], [ -1.473445308975329, 37.805389387147954 ], [ -1.473686663475348, 37.805214473847911 ] ], [ [ -1.470314470493178, 37.807532190893028 ], [ -1.470855966475256, 37.806215734848081 ], [ -1.472163242975284, 37.80448989414765 ], [ -1.473196254575271, 37.803448433147594 ], [ -1.474461798975427, 37.802341179647499 ], [ -1.476284279675441, 37.800851279547317 ], [ -1.478544303975582, 37.799160617547038 ], [ -1.480483130475648, 37.79762628964675 ], [ -1.482358465275639, 37.796366291346544 ], [ -1.484650149775746, 37.794526860246322 ], [ -1.487460567875871, 37.792751374446141 ], [ -1.490082160475936, 37.790308378545831 ], [ -1.493589769376058, 37.786913520745259 ], [ -1.493503106576099, 37.786912412445133 ] ], [ [ -1.470314470493178, 37.807532190893028 ], [ -1.469795422775178, 37.80788743674816 ], [ -1.467591302375126, 37.809647446648512 ], [ -1.463948136474982, 37.811801422948747 ], [ -1.459645272174839, 37.814393823349235 ], [ -1.456214087874684, 37.816756711249525 ], [ -1.451452023074409, 37.820546690950039 ], [ -1.449111280274394, 37.822579725950334 ], [ -1.444989597774167, 37.826614425950936 ], [ -1.440741058373988, 37.830472643651433 ], [ -1.434808773073768, 37.836135047952268 ], [ -1.431375185073591, 37.8398129419528 ], [ -1.426183250073336, 37.846831495853735 ], [ -1.420342040573076, 37.854858926355007 ] ], [ [ -1.470314460475209, 37.807532215248159 ], [ -1.470314470493178, 37.807532190893028 ] ], [ [ -1.473111737775298, 37.809851309548549 ], [ -1.473838391975334, 37.807951549948257 ], [ -1.474249538475362, 37.806347711948092 ], [ -1.474765618575362, 37.804693723647802 ] ], [ [ -1.470532499775174, 37.811563375848834 ], [ -1.470904310175229, 37.810204506048535 ], [ -1.471453565875266, 37.80857519814839 ], [ -1.472037162975255, 37.806946332548065 ], [ -1.47247838137531, 37.806051198247928 ], [ -1.472497807075343, 37.806037902547871 ] ], [ [ -1.461344737274829, 37.811989177748899 ], [ -1.462077797474933, 37.811453274148846 ], [ -1.463126380774953, 37.810621470548597 ], [ -1.464137748175005, 37.809925541648511 ], [ -1.464806549674962, 37.809170591048485 ], [ -1.465285811975037, 37.808619900648353 ], [ -1.466600343875086, 37.807949073748205 ], [ -1.46750795007506, 37.807387596048159 ], [ -1.468279592975194, 37.806411573347987 ], [ -1.468729588075121, 37.80561481704791 ], [ -1.469351992275221, 37.804866162947803 ], [ -1.469675034175224, 37.804618112447827 ] ], [ [ -1.468858967575159, 37.812833177848916 ], [ -1.468043532075115, 37.813243748649015 ], [ -1.467185627575077, 37.813653761049068 ], [ -1.466159963775056, 37.813960500249152 ], [ -1.465455534275008, 37.814136640649224 ], [ -1.465434304175062, 37.814136363949103 ] ], [ [ -1.466779621875105, 37.814802495549316 ], [ -1.469362049175175, 37.813151386949073 ], [ -1.471647844075278, 37.811462677148825 ], [ -1.475230138975406, 37.808678809848402 ], [ -1.479223977475556, 37.804451298347715 ], [ -1.48119172457558, 37.801680077647291 ], [ -1.481845078475601, 37.800879841747189 ], [ -1.481887531475593, 37.800880388947348 ] ], [ [ -1.457669366674735, 37.821944582550202 ], [ -1.452409891574462, 37.825649297350765 ], [ -1.446446374774268, 37.830490074151498 ], [ -1.439869021773973, 37.836198444752256 ], [ -1.434416383873781, 37.840910582652896 ], [ -1.430941294573529, 37.844503243853467 ] ], [ [ -1.457689021474721, 37.822020651350208 ], [ -1.46060752397483, 37.819548639949801 ], [ -1.46309492467492, 37.817374173949645 ], [ -1.464838016675003, 37.816268160949377 ], [ -1.466452628675085, 37.815210989549371 ], [ -1.466799284475086, 37.814878563049319 ] ], [ [ -1.419213829573096, 37.856256764255193 ], [ -1.419674302973134, 37.855881778155094 ], [ -1.421658457273168, 37.854338879054865 ], [ -1.423528495073242, 37.852839260654719 ], [ -1.424564337173252, 37.85200110235462 ], [ -1.425952255573406, 37.850562256354408 ], [ -1.427608818873409, 37.848454329954052 ], [ -1.431085558173606, 37.844509643853428 ], [ -1.431086033173586, 37.844487228453431 ] ] ] } },
{ "type": "Feature", "properties": { "ID": "ES627", "FaultName": "Alhama de Murcia (2/4)", "SectionNam": "Lorca - Totana", "LocationX": -1.50455085, "LocationY": 37.77281561, "Geological": "Betic Range (Murcia)", "Identifica": "Geological/Geomorphological field mapping", "NameOfComp": "Gómez-Novell, O., Martínez-Díaz, J.J., García-Mayordomo, J.", "Filiation": "UB, UCM and IGME", "EmailCompi": "octgomez@ub.edu", "Last_Updat": "2021-07-19", "AverageStr": "238", "StrikeErro": "+ 5 / - 4", "StrikeSour": "LD", "StrikeComm": "Martínez-Díaz et al. (2012)", "Dip": "70", "DipError": null, "DipSource": "LD", "DipComment": "Martínez-Díaz et al. (2012). Dip is to the North", "Rake": 7.0, "RakeError": "5-9", "RakeSource": "LD", "RakeCommen": "Obtained from the relationship between the vertical and lateral slip rates using the following equation: Rake(º)=arctan(VSR/sen (dip))/LSR). Gómez-Novell (2021).", "SenseOfMov": "S", "SenseOfM_1": "S-SR", "SenseOfM_2": "LD", "SenseOfM_3": "The segment is formed by at least five subparallel branches with partitioning of the deformation. From N to S: N1-AMF, N2(a and b)-AMF, S-AMF and F-AMF. N1- and S-AMF are mainly lateral slip faults. N2- and F-AMF are mainly dip slip. Gómez-Novell (2021)", "Length": 20.0, "LengthErro": null, "LengthSour": "LD", "LengthComm": "Martínez-Díaz et al. (2012).", "MinDepth": 0.0, "MinDepthEr": null, "MinDepthSo": "LD", "MinDepthCo": "Martínez-Díaz et al. (2012).", "MaxDepth": 12.0, "MaxDepthEr": null, "MaxDepthSo": "LD", "MaxDepthCo": "Given value is max depth of fragile rupture (seismogenic) which for this fault  is deeper that the fragile-ductile transition in the area. García-Mayordomo (2005). table 4.21. See discussion on p. 306", "Width": 12.770133276199999, "WidthError": null, "WidthSourc": "AR", "WidthComme": null, "Area": 255.40266552400001, "AreaError": null, "AreaSource": "AR", "AreaCommen": null, "AYDA": "660 years BP", "AYDAError": "Holocene", "AYDASource": "LD", "AYDACommet": "Age of the last sediment infills from a small paleochannel at El Saltador site (Ferrater, 2016).", "VerticalSl": 0.14, "Vertical_1": "±0.03", "Vertical_2": "LD", "Vertical_3": "Based on vertical slips in paleoseismic trenches summed for four of the five branches conforming the segment (Gómez-Novell, 2021). Representative for the last ~18 ka. This value is a minimum because it does not account for one of the five fault branches", "Horizontal": 1.54, "Horizont_1": "+0.14/-0.18", "Horizont_2": "LD", "Horizont_3": "Based on lateral slips from at El Saltador (Ferrater et al., 2016) and La Tercia (Gómez-Novell, 2021) since ~31-40 ka. This value is a minimum because does not account for a fault branch nor for the possible lateral component of mainly dip slip branches", "NetSlipRat": 1.55, "NetSlipR_1": "+0.14/-0.18", "NetSlipR_2": "LD", "NetSlipR_3": "Estimation based on VSR=0.14±0.03 and LSR=1.54 +0.14/-0.18 m/ka , considering a dip=70º. It is representative for the last ~18 ka and four out of the five fault branches identified in the segment. Gómez-Novell (2010).", "MaxSlipPer": 2.0, "MaxSlipP_1": ">2.0", "MaxSlipP_2": "LD", "MaxSlipP_3": "Net slips from trench slips divided by the number of events (Gómez-Novell, 2021).", "NumSeismic": "17 since ~101 ka.", "NumSeism_1": ">17", "NumSeism_2": "LD", "NumSeism_3": "Based on paleoseismic results at Trench 16 at El Saltador site (Gómez-Novell, 2021).", "EAC": null, "EACSource": null, "EACComment": "Unknown", "Geomorphic": "In this segment fault trace splits in five subparallel branches affecting Middle Pleistocene to Holocene alluvial fans. The left-lateral-reverse deformation is partitioned among the different branches.", "Geomorph_1": "LD", "Geomorph_2": "ITGE (1993), Silva (1994), Martínez-Díaz (1998), Martínez-Díaz y Hernández-Enrile (1999, 2001), Masana et al. (2004), Martínez-Díaz et al. (2003) in García-Mayordomo (2005), p.123-126; Martínez-Díaz et al. (2012), Ferrater (2016), Gómez-Novell", "MaxMagnitu": 6.7, "MaxMagni_1": "± 0.2", "MaxMagni_2": "LD", "MaxMagni_3": "Mw  varies 6.7±0.2 using Wells&Coppersmith (1994) equation for all type slip and length (Gómez-Novell, 2021). Using the Stirling et al. (2013) equation, the value is similar: Mw = 6.7 ± 0.1", "Recurrence": 4300.0, "Recurren_1": "± 400", "Recurren_2": "LD", "Recurren_3": "Based on paleoseismic results at El Saltador site; last 7 events since ~31 ka. See Gómez-Novell (2021). The value is similar to the ~5 ka recurrence considering the last 5 events since ~25 ka (Ferrater et al. 2016).", "DLME": "1674 AD", "DLMEError": "1286-1674 AD", "DLMESource": "LD", "DLMECommen": "Based on radiocarbon date constraining of the last morphogenetic earthquake at El Saltador site (Gómez-Novell, 2021).", "RelatedEar": -1, "Extended_I": null, "References": "Armijo, R. (1977). La zone des failles Lorca-Totana (Cordillères Béticas, Espagne). Étude tectonique et neotectonique. Thèse 3ème cycle, Paris VII, 229 pp.\n\nEcheverria, A., Khazaradze, G., Asensio, E., Gárate, J., Martín Dávila, J. and Suriñach,", "StrengthOf": "A+", "MaxMagni_4": "A", "SlipRateAc": "A", "Recurren_4": "A", "Fault_Trac": "1", "Slip_Rate_": "1", "Activity_D": "1", "OrdenVisua": "147", "BaseDeDato": "QAFI_V.3" }, "geometry": { "type": "MultiLineString", "coordinates": [ [ [ -1.680388543681658, 37.683070973830695 ], [ -1.678199845181552, 37.683980911530682 ], [ -1.676402681781496, 37.68491058563086 ], [ -1.674627550581533, 37.685860852130986 ] ], [ [ -1.696613371981926, 37.683726569630778 ], [ -1.69574472628193, 37.684529542830887 ], [ -1.694873511681919, 37.685478017130833 ], [ -1.694034066581934, 37.686354068530989 ], [ -1.692966154781856, 37.687203325231167 ] ], [ [ -1.675596416381553, 37.683932905830588 ], [ -1.677842921681531, 37.682579554330403 ] ], [ [ -1.675596416381553, 37.683932905830588 ], [ -1.67556931838152, 37.68393260143074 ] ], [ [ -1.690872063481834, 37.684257476230869 ], [ -1.691715050181926, 37.683605979430695 ], [ -1.692665499581948, 37.682904833030591 ], [ -1.693916743881914, 37.682071451230399 ] ], [ [ -1.690617301881844, 37.685014261930917 ], [ -1.690420806409805, 37.685122267269819 ] ], [ [ -1.690420806409805, 37.685122267269819 ], [ -1.6923510072819, 37.683994706630642 ], [ -1.693599201781922, 37.683305116630606 ], [ -1.694262071481945, 37.682924361830658 ] ], [ [ -1.674627550581533, 37.685860852130986 ], [ -1.674633517081532, 37.685857167531026 ] ], [ [ -1.674627550581533, 37.685860852130986 ], [ -1.672952913581411, 37.686796472931064 ], [ -1.672150310181394, 37.687302731231227 ], [ -1.67087734918141, 37.688134393731332 ], [ -1.66979109018132, 37.688806638731421 ], [ -1.668644829881315, 37.68958586923145 ], [ -1.668644692381349, 37.689593558631543 ] ], [ [ -1.692966154781856, 37.687203325231167 ], [ -1.692981412981908, 37.687203494331072 ] ], [ [ -1.692966154781856, 37.687203325231167 ], [ -1.691589856181906, 37.688231070531401 ], [ -1.689388754381753, 37.68946850003158 ], [ -1.688422470181819, 37.690019640431544 ], [ -1.686361192381753, 37.691138954231803 ], [ -1.68526053278174, 37.691652408931702 ], [ -1.683435266481694, 37.692587176831978 ], [ -1.682157024081675, 37.69338838073196 ], [ -1.680726505281541, 37.694435325732172 ], [ -1.679107393681533, 37.695545474732285 ], [ -1.677493672081539, 37.696541004332573 ], [ -1.676080677981531, 37.697412661332635 ], [ -1.672689840581427, 37.697205685732627 ], [ -1.66994029343897, 37.696822564448041 ] ], [ [ -1.686112854308874, 37.687747591719756 ], [ -1.687012093381782, 37.687313454231116 ] ], [ [ -1.686112854308874, 37.687747591719756 ], [ -1.68809660308176, 37.686620542731191 ], [ -1.688104827381836, 37.68662063423119 ], [ -1.68901209368181, 37.686016228630933 ], [ -1.689952816881771, 37.685379501530917 ], [ -1.690420782681826, 37.68512228113093 ], [ -1.690420806409805, 37.685122267269819 ] ], [ [ -1.671993660781367, 37.688489219531334 ], [ -1.670349963481327, 37.689485900731484 ], [ -1.669271019681333, 37.690288969231574 ], [ -1.668210305081346, 37.691153760931684 ], [ -1.667942586481274, 37.691347997231787 ], [ -1.664745168981256, 37.692798089532062 ], [ -1.66227937188114, 37.694256396932246 ], [ -1.659404038581101, 37.69587154543234 ], [ -1.657072685981063, 37.69780800173271 ] ], [ [ -1.683301601681648, 37.689371550131568 ], [ -1.685935597181754, 37.688348447031387 ], [ -1.687368689781806, 37.68778259943133 ] ], [ [ -1.681248233581641, 37.690584947631578 ], [ -1.682443466481686, 37.689983814131608 ], [ -1.683886227181688, 37.689339671331538 ], [ -1.683886342681717, 37.689333135431525 ] ], [ [ -1.679125793081596, 37.691481695031825 ], [ -1.68026396488159, 37.690886394331699 ], [ -1.681686795981648, 37.690134253431552 ], [ -1.682764532381669, 37.689538252331545 ], [ -1.683497754781627, 37.689066404831465 ], [ -1.684251099281653, 37.688594777231344 ], [ -1.684799166381708, 37.688344872331356 ], [ -1.685651456881772, 37.687970346631346 ], [ -1.686112818381787, 37.687747612131318 ], [ -1.686112854308874, 37.687747591719756 ] ], [ [ -1.661306045781145, 37.691854412431894 ], [ -1.664301393581183, 37.6903375046316 ], [ -1.667649783681327, 37.688776044131316 ], [ -1.671048196081415, 37.686681935431182 ], [ -1.675596416381553, 37.683932905830588 ] ], [ [ -1.669905204281293, 37.696817675132593 ], [ -1.66994029343897, 37.696822564448041 ] ], [ [ -1.66994029343897, 37.696822564448041 ], [ -1.67017059748133, 37.696717642232613 ], [ -1.675147883081421, 37.694154568332124 ], [ -1.677772848381494, 37.692802673531901 ], [ -1.683410803081643, 37.690120266731583 ] ], [ [ -1.657072685981063, 37.69780800173271 ], [ -1.657782073581075, 37.696749692132585 ], [ -1.658542363981041, 37.695175158332347 ], [ -1.659172811081078, 37.694035326732198 ], [ -1.660203671281124, 37.692108448131876 ] ], [ [ -1.657072685981063, 37.69780800173271 ], [ -1.656737399281041, 37.698308191332671 ], [ -1.656737180681034, 37.69832030503278 ], [ -1.656113802980997, 37.699064406532841 ], [ -1.655771180581042, 37.699460335632978 ], [ -1.654923474380951, 37.699959548232982 ], [ -1.654292484381017, 37.700279485333056 ], [ -1.653493564980919, 37.700609617333043 ], [ -1.652526275180946, 37.700974168233074 ], [ -1.651499308780842, 37.701265331233117 ], [ -1.650688195380837, 37.701425677633267 ], [ -1.649967016980895, 37.701671861833233 ], [ -1.649077246880836, 37.701964574533349 ], [ -1.647680823680843, 37.70244532913334 ], [ -1.64681844478082, 37.702907965533484 ], [ -1.645893747180707, 37.703442577033456 ], [ -1.64504637188071, 37.703917488733453 ], [ -1.644061324780751, 37.704415043333654 ], [ -1.6434174338807, 37.704601494833582 ], [ -1.643109187780737, 37.704779690233678 ], [ -1.642539757280645, 37.705063923333682 ], [ -1.6420925179807, 37.705337445033756 ], [ -1.641643064080597, 37.705732101333751 ], [ -1.64110477838068, 37.705980337633889 ], [ -1.640627698180652, 37.706217161133907 ], [ -1.639628894880559, 37.706629706033993 ], [ -1.638706759580543, 37.707018895433976 ], [ -1.638123600380596, 37.707218135133928 ], [ -1.637771585280576, 37.707286765033928 ], [ -1.637325646280545, 37.707487586234095 ], [ -1.636573650380512, 37.707745447334041 ], [ -1.636097432980535, 37.70793379743418 ], [ -1.635467851480428, 37.708168835234062 ], [ -1.634900811280488, 37.708319780634099 ], [ -1.63390306118049, 37.70867170773414 ], [ -1.633365618980406, 37.708871453434313 ], [ -1.632798124280384, 37.709046615634293 ], [ -1.632184438880415, 37.709245471534359 ] ], [ [ -1.622510692089123, 37.702880579446116 ], [ -1.624278142373498, 37.702370433258068 ], [ -1.627769065947803, 37.701824461432807 ], [ -1.630685687897767, 37.701914245805483 ], [ -1.63429973248759, 37.702319335807374 ], [ -1.636410431319234, 37.702259959597825 ], [ -1.638030012286947, 37.702139000761122 ] ], [ [ -1.649124781980844, 37.70754581263401 ], [ -1.650440957680815, 37.706951583233888 ], [ -1.652886408880874, 37.705806740833836 ], [ -1.656088311480972, 37.704917876933678 ], [ -1.657551060481069, 37.704477561733711 ], [ -1.658493927781023, 37.704272011333558 ], [ -1.660188466181125, 37.703813385433421 ], [ -1.660133217181055, 37.703768214933575 ] ], [ [ -1.648179361780763, 37.708999849434292 ], [ -1.646339956080738, 37.709511854434311 ], [ -1.644503615380699, 37.70985423923446 ], [ -1.642974423880616, 37.710078969534436 ], [ -1.642454231580643, 37.710169909634487 ], [ -1.641020055180604, 37.710201849834505 ], [ -1.639154066080551, 37.710495344334447 ], [ -1.637376000580559, 37.71098368423452 ], [ -1.636795247980501, 37.711049666934571 ] ], [ [ -1.632210702980445, 37.709475983434231 ], [ -1.630322095180362, 37.710168908934349 ], [ -1.629323853280369, 37.710545023434406 ], [ -1.627895980880282, 37.711061523434523 ], [ -1.627005792080296, 37.711366178734636 ], [ -1.623890440880188, 37.712388127834743 ], [ -1.622461468280107, 37.712809563634778 ], [ -1.621349650180093, 37.713285244534916 ], [ -1.620964798780108, 37.713449252834835 ], [ -1.620069097380054, 37.713708386734993 ], [ -1.619257281180012, 37.714019049334979 ], [ -1.61857270278, 37.714331197435058 ], [ -1.617952367180067, 37.714610392734983 ], [ -1.617352921380018, 37.714906680635011 ], [ -1.616521440080021, 37.715132838635043 ], [ -1.61519684587995, 37.71563966523513 ], [ -1.614342573279885, 37.715949794735309 ], [ -1.613104038479946, 37.7163902052352 ], [ -1.611909477479856, 37.716746865635287 ], [ -1.610565189579858, 37.717169152835311 ], [ -1.609775450279755, 37.71742945663533 ], [ -1.60850623447982, 37.717806265335525 ], [ -1.607760159679743, 37.71799966713553 ], [ -1.6068077136797, 37.718166592835416 ], [ -1.604990910479671, 37.718615688035584 ], [ -1.603634102479646, 37.718955972535682 ], [ -1.602180308179583, 37.719172174735661 ], [ -1.600926463579526, 37.719292106735622 ], [ -1.599673566779472, 37.719361483735781 ], [ -1.596306908179486, 37.719591054935734 ], [ -1.593864404879412, 37.719747303235692 ] ], [ [ -1.642722514380693, 37.709632913934286 ], [ -1.64541728278067, 37.70892170053412 ], [ -1.648274633980747, 37.707804404634089 ], [ -1.650845934580843, 37.706331778833942 ], [ -1.652662659080932, 37.704976337033713 ], [ -1.65353440678092, 37.704237734433661 ], [ -1.655437034681029, 37.703024979433394 ], [ -1.656831145781041, 37.702887606733327 ], [ -1.658614126881105, 37.702579483533313 ], [ -1.660188705581049, 37.701788603033201 ], [ -1.664076379981168, 37.699612565933023 ], [ -1.66631450068121, 37.698474407832805 ], [ -1.66994029343897, 37.696822564448041 ] ], [ [ -1.605555863650751, 37.710429250909158 ], [ -1.608125443893187, 37.708850719389432 ], [ -1.611243463244421, 37.70730586217411 ], [ -1.614797811958112, 37.706284169482274 ], [ -1.617143434981756, 37.705657239117947 ], [ -1.619466337458789, 37.704402796387626 ], [ -1.622170657417599, 37.702934608956241 ], [ -1.624599355715646, 37.701517682173574 ] ], [ [ -1.607231414842488, 37.71260334695387 ], [ -1.608550812603255, 37.711800844290622 ], [ -1.610121610871318, 37.710401362366667 ], [ -1.611094205242126, 37.709785627385074 ], [ -1.612339793489524, 37.709254906473404 ] ], [ [ -1.606638810680692, 37.713087194079264 ], [ -1.605671246441603, 37.713430256287374 ], [ -1.604739526397054, 37.713691926379738 ], [ -1.603842118992645, 37.713953995442182 ], [ -1.60301334365397, 37.714216870985922 ], [ -1.602288544736041, 37.714426434677307 ], [ -1.601255893663051, 37.714577802439749 ], [ -1.600293929174142, 37.71462092274902 ], [ -1.59943492158419, 37.714665258513605 ], [ -1.598849440288689, 37.714767378419879 ], [ -1.598333623541351, 37.714815784938139 ], [ -1.597715876074119, 37.714808437818249 ], [ -1.596650435236597, 37.714877566752975 ], [ -1.595275603958328, 37.714970268929619 ], [ -1.593694853617877, 37.715060498562252 ], [ -1.592146871566513, 37.715232906536187 ], [ -1.590698742326879, 37.715570104353958 ], [ -1.589628116990752, 37.715911801603113 ], [ -1.588384330824511, 37.716333223654317 ], [ -1.586865970613871, 37.716751341071628 ], [ -1.584895207259592, 37.7174912409792 ], [ -1.583231733565072, 37.718316609421436 ], [ -1.582049238028276, 37.719120471492033 ], [ -1.58138621826106, 37.719685150322093 ] ], [ [ -1.638099813580481, 37.713100262034857 ], [ -1.64038264128061, 37.713368937134817 ], [ -1.643366034180644, 37.713694097234907 ], [ -1.644920941980671, 37.713736214034896 ], [ -1.646343724580675, 37.714334137135097 ], [ -1.648314166480816, 37.715011021435146 ], [ -1.649861191780758, 37.715489165135068 ], [ -1.651074076780845, 37.715890768435202 ] ], [ [ -1.653669225683699, 37.713211639547922 ], [ -1.656897493452448, 37.713404062835934 ], [ -1.659739737496863, 37.713280814588927 ], [ -1.663114198157075, 37.71351362911696 ], [ -1.665361991365557, 37.713772495980152 ], [ -1.666972670537007, 37.714063016571231 ], [ -1.669126061342695, 37.71412624727617 ], [ -1.669958323188951, 37.714135640519146 ] ], [ [ -1.634110097180382, 37.713491634734964 ], [ -1.632407089280377, 37.714629992034929 ], [ -1.629849198980367, 37.716515610735257 ] ], [ [ -1.608443930148723, 37.713844792426357 ], [ -1.610450220244103, 37.71302310587464 ], [ -1.612524086517567, 37.71225671904881 ], [ -1.61411085665594, 37.711839073039471 ], [ -1.616356243064388, 37.711074634399608 ], [ -1.618119619990922, 37.710386311697334 ], [ -1.620021750944716, 37.709617778094525 ], [ -1.621753268821465, 37.70879267975306 ], [ -1.623825897071811, 37.708080616192035 ], [ -1.625311584204497, 37.707552559643318 ], [ -1.6270742949107, 37.706891362987847 ], [ -1.629426871449538, 37.705882494695686 ], [ -1.631051242939862, 37.705274168490462 ], [ -1.632749227701709, 37.704393977677228 ], [ -1.636148575365837, 37.702442673274902 ] ], [ [ -1.634440912480443, 37.714681499035066 ], [ -1.633572302280413, 37.715471099835099 ], [ -1.631770464880333, 37.717243390135351 ], [ -1.630186496280317, 37.718775860735548 ], [ -1.629220490380248, 37.719879316135859 ] ], [ [ -1.676166823869381, 37.71471121924229 ], [ -1.67367001388493, 37.714683153008025 ], [ -1.671517295138528, 37.714581113371707 ], [ -1.669313539660948, 37.714595156528389 ], [ -1.668531621910063, 37.714508528552642 ] ], [ [ -1.63349484018039, 37.716366797435228 ], [ -1.634698936480391, 37.715581083435268 ], [ -1.636183257980519, 37.714483579134992 ] ], [ [ -1.627450981780214, 37.71823516193551 ], [ -1.625296821080213, 37.71925204713574 ], [ -1.624125756280137, 37.71989265523581 ], [ -1.623200013380086, 37.720463420335875 ], [ -1.622429447780064, 37.720890598135888 ], [ -1.621535526680077, 37.721389024935945 ], [ -1.620763144880072, 37.721913099436051 ], [ -1.619868750880016, 37.72243574003619 ], [ -1.618512786479983, 37.723171055136334 ] ], [ [ -1.627700988680204, 37.721218643335931 ], [ -1.628943762980327, 37.719997259135766 ] ], [ [ -1.62062002508003, 37.723050340536247 ], [ -1.619100755080012, 37.724365324836356 ], [ -1.617028347279984, 37.725891890136666 ], [ -1.615637730179913, 37.726844854336832 ], [ -1.614826820379903, 37.727428412236804 ] ], [ [ -1.583777255113432, 37.724351284462557 ], [ -1.585201816403981, 37.723418574891639 ], [ -1.587548498668525, 37.722077863803008 ], [ -1.590065076566475, 37.72104643156365 ] ], [ [ -1.623204502780141, 37.725164530736606 ], [ -1.624208787980137, 37.72364962533635 ], [ -1.625549429980139, 37.722090168736031 ], [ -1.627130434580237, 37.720727353935843 ], [ -1.628181724280239, 37.719964160635811 ] ], [ [ -1.599621093679559, 37.725201716336414 ], [ -1.603595805979637, 37.724739996536414 ], [ -1.606623583279714, 37.724339648536329 ] ], [ [ -1.623225584680142, 37.725673654136585 ], [ -1.62322513618011, 37.725697881236556 ], [ -1.622442846080048, 37.726754959536777 ], [ -1.621107893680061, 37.727999426036945 ], [ -1.619928559679977, 37.72907607343717 ], [ -1.618209917154389, 37.730184681125309 ] ], [ [ -1.590261118079298, 37.726495604336719 ], [ -1.588305337779161, 37.726666053136682 ], [ -1.586200265579123, 37.726665053736667 ], [ -1.584240783379073, 37.727029247636779 ] ], [ [ -1.614826820379903, 37.727428412236804 ], [ -1.614710030679874, 37.727512456836905 ], [ -1.612614627379855, 37.728626724437049 ], [ -1.609954704479776, 37.730558192337298 ], [ -1.606242964179671, 37.733252594437658 ], [ -1.602967595979521, 37.735443174437933 ] ], [ [ -1.615401782079915, 37.727862788236841 ], [ -1.617217981479939, 37.727178423036776 ], [ -1.619342429080007, 37.726137109336662 ], [ -1.621500013980096, 37.724950750636481 ], [ -1.622058465880115, 37.724448403336339 ] ], [ [ -1.615401782079915, 37.727862788236841 ], [ -1.614826820379903, 37.727428412236804 ] ], [ [ -1.618209917154389, 37.730184681125309 ], [ -1.617025816679984, 37.729308603837069 ], [ -1.615886543479917, 37.728229013037037 ], [ -1.615401782079915, 37.727862788236841 ] ], [ [ -1.618209917154389, 37.730184681125309 ], [ -1.617087584979971, 37.730908654637389 ], [ -1.613686547879865, 37.73331615203773 ], [ -1.611363398179833, 37.735178913537993 ], [ -1.608608510679687, 37.737278853038319 ], [ -1.607704315879686, 37.738310157538422 ], [ -1.607137035679614, 37.739272740538581 ] ], [ [ -1.618209937579991, 37.730184696237302 ], [ -1.618209917154389, 37.730184681125309 ] ], [ [ -1.566689197778543, 37.733985694637795 ], [ -1.568051716878585, 37.733195056637726 ], [ -1.570080918978703, 37.732149683337468 ], [ -1.57153716897875, 37.731397685537445 ], [ -1.573136251178767, 37.730591082337355 ], [ -1.574493962878819, 37.730044347637204 ], [ -1.576592082878846, 37.7290935544371 ], [ -1.577714883678937, 37.728468856336917 ], [ -1.57927482687893, 37.727229936736762 ], [ -1.580547590879007, 37.726175259236584 ], [ -1.582075937379045, 37.725348908236526 ], [ -1.583506877179104, 37.724671543736406 ], [ -1.584861192479081, 37.724293596236407 ], [ -1.586669422379145, 37.723658266336258 ], [ -1.588519178279228, 37.723323760436301 ], [ -1.591056971179228, 37.72284727423613 ], [ -1.591057326779321, 37.722828506336157 ], [ -1.592134559879356, 37.722616617536175 ], [ -1.592135018479268, 37.722592390836212 ] ], [ [ -1.593480052379277, 37.741800306338973 ], [ -1.595545601979325, 37.740686030838674 ], [ -1.599093694879456, 37.738620065538498 ], [ -1.599124201579456, 37.738620428138404 ] ], [ [ -1.553196335378175, 37.744965675839353 ], [ -1.552536728878124, 37.745122214639423 ], [ -1.549793561977992, 37.7458019233394 ], [ -1.547744524077928, 37.746325485239538 ], [ -1.545337405677856, 37.74681118903959 ], [ -1.542065730777779, 37.748485295739783 ], [ -1.537926540977708, 37.749821971140022 ], [ -1.533164762577484, 37.751436507040182 ], [ -1.529224397577423, 37.753101925940427 ], [ -1.525457084277264, 37.755106160040668 ], [ -1.522701893777197, 37.756622893140843 ], [ -1.520545063377141, 37.757779675441043 ], [ -1.517979774676973, 37.758788403141352 ], [ -1.515593930076875, 37.759819746041501 ], [ -1.512555630276779, 37.761332670541663 ], [ -1.510996651576761, 37.762149832641796 ], [ -1.510996242376734, 37.762170238441854 ] ], [ [ -1.599262279379445, 37.745055697539328 ], [ -1.607099945179698, 37.739623668438455 ], [ -1.607053503379688, 37.739659467738534 ] ], [ [ -1.584947073779062, 37.747571177539612 ], [ -1.589559651779212, 37.744976319639363 ], [ -1.593531792479326, 37.74309734133908 ], [ -1.601388061279522, 37.739119842738376 ] ], [ [ -1.584947073779062, 37.747571177539612 ], [ -1.583087414779016, 37.747124999839684 ], [ -1.581038750178891, 37.746536954339547 ], [ -1.579056332978893, 37.746076890539541 ], [ -1.576362164278748, 37.745735415539457 ], [ -1.574258418178772, 37.745637286139527 ], [ -1.572314851978717, 37.745541059839354 ], [ -1.570854606078683, 37.745305271739369 ], [ -1.567766267678565, 37.745231430039325 ] ], [ [ -1.585639185779087, 37.747737223339698 ], [ -1.584947073779062, 37.747571177539612 ] ], [ [ -1.574110927878734, 37.748552432839915 ], [ -1.574297916278681, 37.750735577540127 ], [ -1.574487702978729, 37.75277336304049 ], [ -1.573994443878747, 37.754621143540646 ], [ -1.574186321478691, 37.75654990964108 ], [ -1.574074548978729, 37.757602648941088 ], [ -1.573966959278664, 37.758437350641202 ] ], [ [ -1.587521520379141, 37.751058389540219 ], [ -1.591948635979179, 37.746931338739557 ], [ -1.596325376879406, 37.743021603939091 ], [ -1.596742730579421, 37.742735788939001 ] ], [ [ -1.54110246757773, 37.753734492340513 ], [ -1.542156772677743, 37.752842029840394 ], [ -1.543563011277797, 37.751624630940285 ], [ -1.544332794477839, 37.751140227440203 ], [ -1.545003753377842, 37.750407640740136 ], [ -1.546200456277917, 37.749297380839948 ], [ -1.547325343877958, 37.7483234218397 ], [ -1.548445378477936, 37.747596349839796 ], [ -1.549667429478064, 37.746952841839629 ], [ -1.551897232278066, 37.746019871139481 ], [ -1.552631287278132, 37.74558985253941 ], [ -1.553607700278121, 37.745135364239388 ], [ -1.554862080278156, 37.744601957439272 ], [ -1.5568467249783, 37.743830523839222 ], [ -1.558449188278304, 37.74316414133915 ], [ -1.560119652978301, 37.742553447239061 ] ], [ [ -1.569635392078623, 37.754361906840643 ], [ -1.570026503478629, 37.753846098240558 ], [ -1.570732613078633, 37.752836920840423 ], [ -1.571080250978639, 37.751423564540346 ], [ -1.571889032378692, 37.749834056040015 ], [ -1.57306669327869, 37.748103616439721 ] ], [ [ -1.559029851978267, 37.755985626740873 ], [ -1.561671788278318, 37.755194711640854 ], [ -1.564856960978489, 37.754904270440704 ], [ -1.566728073478544, 37.754652646340674 ], [ -1.568114388578579, 37.75444998204074 ], [ -1.569635392078623, 37.754361906840643 ] ], [ [ -1.567481403978547, 37.757631722741166 ], [ -1.568852178078543, 37.755394805140838 ], [ -1.569635392078623, 37.754361906840643 ] ], [ [ -1.501088330776383, 37.769817082642703 ], [ -1.502617312876454, 37.768106462142555 ], [ -1.504022219276465, 37.766369530142356 ], [ -1.505957673976638, 37.764565163542045 ], [ -1.508082757576631, 37.762614873741818 ], [ -1.509282834076658, 37.761765030141703 ] ], [ [ -1.507028453976603, 37.771696713943129 ], [ -1.508538975076703, 37.770900244542986 ], [ -1.511303473676777, 37.769674733142878 ], [ -1.515040220976914, 37.768090685442587 ], [ -1.517399379577, 37.766884634342375 ] ], [ [ -1.504962569676479, 37.772238965843201 ], [ -1.507101144776642, 37.771178616243049 ], [ -1.509019783776637, 37.770214304742922 ], [ -1.511344014376731, 37.76920565644275 ], [ -1.514306535376875, 37.767414125042535 ], [ -1.516321325676927, 37.766302613342404 ] ], [ [ -1.510755258176743, 37.772458832943187 ], [ -1.51231481257679, 37.771325918042976 ], [ -1.515999964076912, 37.769082489542768 ], [ -1.518570505577031, 37.767615496342614 ], [ -1.521344764877085, 37.76626004584233 ], [ -1.523664492677141, 37.765307746542135 ], [ -1.526678889677271, 37.763955177041964 ], [ -1.529130941977372, 37.763249770541847 ], [ -1.532620390677494, 37.762175584741783 ], [ -1.535629128877588, 37.76109532114161 ], [ -1.539259992077632, 37.759804607041417 ], [ -1.546292255577896, 37.756647529040947 ], [ -1.547940080477986, 37.756077193540875 ], [ -1.550316018878049, 37.755143228740792 ], [ -1.554211814678126, 37.753737176140582 ], [ -1.557443482678252, 37.752341038740383 ], [ -1.55931751037832, 37.751309874440153 ], [ -1.561539308278385, 37.750046663639978 ], [ -1.563826518678468, 37.748947773339808 ], [ -1.566297818178555, 37.747794283839823 ] ] ] } },
{ "type": "Feature", "properties": { "ID": "ES632", "FaultName": "Las Viñas", "SectionNam": "Las Viñas", "LocationX": -1.70770893, "LocationY": 37.68206054, "Geological": "Betic Range (Murcia)", "Identifica": "Geological/Geomorphological field mapping", "NameOfComp": "Martínez-Díaz, J. J.", "Filiation": "UCM", "EmailCompi": "jmdiaz@geo.ucm.es", "Last_Updat": "2010-12-16", "AverageStr": "285", "StrikeErro": "± 3", "StrikeSour": "LD", "StrikeComm": "Geometrical data from Martinez-Díaz, J.J. (1998; 2000)", "Dip": "80", "DipError": "± 5", "DipSource": "LD", "DipComment": "Geometrical data from Martinez-Díaz, J.J. (1998; 2000)", "Rake": 70.0, "RakeError": "+ 10 / - 20", "RakeSource": "OD", "RakeCommen": null, "SenseOfMov": "ND", "SenseOfM_1": "N to ND-DN", "SenseOfM_2": "LD", "SenseOfM_3": "From Martinez-Díaz, J.J. (1998; 2000)", "Length": 3.5, "LengthErro": "to 5.5", "LengthSour": "LD", "LengthComm": "From Martinez-Díaz, J.J. (2000)", "MinDepth": 0.0, "MinDepthEr": null, "MinDepthSo": "LD", "MinDepthCo": "From Martinez-Díaz, J.J. (2000)", "MaxDepth": 5.0, "MaxDepthEr": null, "MaxDepthSo": "EJ", "MaxDepthCo": "This is a coherent value  to maintain a realistic shape factor considering that this fault do not affect the entire brittle crust.", "Width": 5.0771330608599996, "WidthError": null, "WidthSourc": "AR", "WidthComme": null, "Area": 17.769965713000001, "AreaError": null, "AreaSource": "AR", "AreaCommen": null, "AYDA": "Upper Pleistocene", "AYDAError": "Holocene-Upper Pleistocene", "AYDASource": "LD", "AYDACommet": "Martinez-Díaz, J.J. (1998; 2000); IGME, 1993.", "VerticalSl": 0.4, "Vertical_1": "+0.1/-0.1", "Vertical_2": "LD", "Vertical_3": "From Martinez-Díaz, J.J. (1998). Geological slip rate from Pliocene time.", "Horizontal": 0.137, "Horizont_1": "0.171-0.034", "Horizont_2": "AR", "Horizont_3": "From NSR and rake", "NetSlipRat": 0.4, "NetSlipR_1": "+0.1/-0.3", "NetSlipR_2": "EJ", "NetSlipR_3": "From data and paleoseismic descriptions in Martinez-Díaz, J.J. (1998).", "MaxSlipPer": 0.5, "MaxSlipP_1": "+0.2/-0.1", "MaxSlipP_2": "EJ", "MaxSlipP_3": "From data and paleoseismic descriptions in Martinez-Díaz, J.J. (1998).", "NumSeismic": null, "NumSeism_1": null, "NumSeism_2": null, "NumSeism_3": "Unknown", "EAC": null, "EACSource": null, "EACComment": "Unknown", "Geomorphic": "The fault produce tilting on fluvial terraces and alluvial fans and the migration to the south of the Guadalentín river", "Geomorph_1": "LD", "Geomorph_2": "Martinez-Díaz, J.J. (1998; 2000)", "MaxMagnitu": 5.5, "MaxMagni_1": "5.3-5.6", "MaxMagni_2": "LD", "MaxMagni_3": "Mw 5.50 (5.30-5.6) from Martinez-Díaz, J.J. (1998; 2000)", "Recurrence": 0.0, "Recurren_1": null, "Recurren_2": null, "Recurren_3": "Unstated", "DLME": null, "DLMEError": null, "DLMESource": null, "DLMECommen": "Unknown", "RelatedEar": 0, "Extended_I": "EXTENDED_INFORMATION\\ES632.rar", "References": "Martínez-Díaz, J.J. (1998). Neotectónica y Tectónica Activa del sector centroccidental de Murcia y Sur de Almería, Cordillera Bética (España). Tesis Doctoral, Universidad Complutense de Madrid, 466 pp.\n\nMartínez-Díaz, J.J. (2000). Neotectonica Y", "StrengthOf": "A+", "MaxMagni_4": "A", "SlipRateAc": "C", "Recurren_4": null, "Fault_Trac": "1", "Slip_Rate_": "2", "Activity_D": "2", "OrdenVisua": "151", "BaseDeDato": "QAFI_V.3" }, "geometry": { "type": "MultiLineString", "coordinates": [ [ [ -1.714842166282437, 37.67859815352989 ], [ -1.715438660882455, 37.678690947329926 ], [ -1.716292710782454, 37.678689244430075 ], [ -1.717343756482421, 37.678729970830091 ], [ -1.718313773482464, 37.678905543530107 ], [ -1.719107289082444, 37.679093872329986 ], [ -1.720028211082536, 37.679299064830104 ], [ -1.721051285382486, 37.679435953230097 ], [ -1.722451688782542, 37.679567715230178 ], [ -1.723517531882578, 37.679660055030126 ], [ -1.724611772082596, 37.679826084130113 ], [ -1.726181502782594, 37.680106351130121 ], [ -1.726811887182578, 37.680220852830189 ] ], [ [ -1.708958868982279, 37.679280785330036 ], [ -1.710770536382256, 37.678841401729983 ], [ -1.712306989182367, 37.678633273129947 ] ], [ [ -1.731497641592568, 37.680348737980125 ], [ -1.733254693031597, 37.680639925200751 ], [ -1.734914547463177, 37.680891143716281 ], [ -1.738437942389851, 37.680928891644442 ], [ -1.740839099569768, 37.680760056692691 ], [ -1.743340087671186, 37.680475536976473 ], [ -1.746239745221715, 37.679767304434904 ], [ -1.749383371778493, 37.679100487684423 ] ], [ [ -1.696613371981926, 37.683726569630778 ], [ -1.697828973382002, 37.682690848330594 ], [ -1.699081341582086, 37.681789643730383 ], [ -1.701468477682056, 37.680612862630255 ], [ -1.703530326682142, 37.679967632630166 ], [ -1.704408245482114, 37.679653689930035 ], [ -1.70598782848225, 37.67917338653001 ], [ -1.70787573598227, 37.678705551829921 ], [ -1.709878688282288, 37.678357662930011 ], [ -1.71235002998236, 37.677829945629753 ], [ -1.713822970882347, 37.677625521729908 ], [ -1.715347707482352, 37.677602201229888 ], [ -1.716796822882486, 37.677849007429927 ], [ -1.718141969782494, 37.678197579129971 ], [ -1.719286263882509, 37.678551174430027 ], [ -1.720847587682499, 37.678822188430047 ], [ -1.722045461682512, 37.678859966729988 ], [ -1.724636713082645, 37.679425435330131 ], [ -1.725716940482584, 37.679586497830201 ], [ -1.727274183282645, 37.67981866493011 ], [ -1.729082624482714, 37.680052455330156 ], [ -1.730531004082707, 37.680228547230115 ] ], [ [ -1.696559081082, 37.684591598030806 ], [ -1.697812681782011, 37.683622641330658 ], [ -1.699107996082034, 37.682704965930441 ], [ -1.700250513282072, 37.681988931530498 ] ] ] } },
{ "type": "Feature", "properties": { "ID": "ES626", "FaultName": "Alhama de Murcia (1/4)", "SectionNam": "Goñar - Lorca", "LocationX": -1.69655139, "LocationY": 37.67875673, "Geological": "Betic Range (Murcia)", "Identifica": "Geological/Geomorphological field mapping", "NameOfComp": "Gómez-Novell, O., Ortuño Candela, M., Martínez-Díaz, J.J., Masana, E., García-Mayordomo, J.", "Filiation": "UB, UCM, IGME", "EmailCompi": "octgomez@ub.edu", "Last_Updat": "2021-07-19", "AverageStr": "215", "StrikeErro": "± 2", "StrikeSour": "LD", "StrikeComm": "Martínez-Díaz et al. (2010) To apply the right hand rule dipping is considered towards the N.", "Dip": "70", "DipError": "70-75", "DipSource": "LD", "DipComment": "Geophysical data from Rodríguez-Escudero (2017) and Martí et al. (2020). Dips to the North.", "Rake": 20.0, "RakeError": "± 20", "RakeSource": "LD", "RakeCommen": "Inferred from striations on fault planes. Martínez-Díaz (1998) and coherent with vertical/horizontal slip rates reported for the fault. García-Mayordomo (2005) p. 123.", "SenseOfMov": "SR", "SenseOfM_1": null, "SenseOfM_2": "LD", "SenseOfM_3": "Oliveros, 1987; Martinez-Díaz, 1998; García-Mayordomo, 2005. p. 122", "Length": 30.0, "LengthErro": "± 3", "LengthSour": "LD", "LengthComm": "Segment length coincides with fault trace length. García-Mayordomo (2005) Table 3.13. Martínez Díaz et al. (2010).", "MinDepth": 0.0, "MinDepthEr": null, "MinDepthSo": "LD", "MinDepthCo": "Outcrops at the surface", "MaxDepth": 12.0, "MaxDepthEr": null, "MaxDepthSo": "LD", "MaxDepthCo": "Given value is max depth of fragile rupture (seismogenic) which for this fault  is deeper that the fragile-ductile transition in the area. García-Mayordomo (2005). table 4.21. See discussion on p. 306", "Width": 12.770133276199999, "WidthError": null, "WidthSourc": "AR", "WidthComme": null, "Area": 383.10399828599998, "AreaError": null, "AreaSource": "AR", "AreaCommen": null, "AYDA": "After 1200 AD", "AYDAError": "Holocene", "AYDASource": "LD", "AYDACommet": "Martínez-Díaz et al. (2018)", "VerticalSl": 0.2, "Vertical_1": "0.16-0.22", "Vertical_2": "LD", "Vertical_3": "Obtained from the summatory of fault branches studied in the trenches by Ortuño et al. (2012). The estimation is representative for the past 47-63 ka.", "Horizontal": 1.65, "Horizont_1": "1.6-1.7", "Horizont_2": "LD", "Horizont_3": "Data from Ferrater et al. (2017) based on morphotectonic analysis of deflected channels in the horse-tail termination of the segment (Góñar). The estimation is representative for the past 200 ka.", "NetSlipRat": 1.66, "NetSlipR_1": "1.61-1.72", "NetSlipR_2": "AR", "NetSlipR_3": "Estimation based on VSR=0.16-0.22 (since 47-63 ka) and HSR=1.6-1.7 m/ky (since 200 ka) and a dip=70º. Note that the time periods of both vertical and lateral components are very different.", "MaxSlipPer": 1.15, "MaxSlipP_1": "±0.25", "MaxSlipP_2": "LD", "MaxSlipP_3": "Observed at Gabarrones trench, consistent with the 1.12±0.12 m inferred at the Tio Rey trench and the 0.86-1.26 m at the Era trench (Ortuño et al., 2012).", "NumSeismic": "at least 6 since 174-274 ka", "NumSeism_1": ">6", "NumSeism_2": "LD", "NumSeism_3": "As observed in the trenches by Ortuño et al. (2012)", "EAC": null, "EACSource": null, "EACComment": "Unknown", "Geomorphic": "Vertical offsets in paleoseismological trenches and morphotectonic analysis of deflected drainage channels.", "Geomorph_1": "LD", "Geomorph_2": "Ortuño et al. (2012), Ferrater et al. (2017)", "MaxMagnitu": 6.7, "MaxMagni_1": "6.4-7.0", "MaxMagni_2": "LD", "MaxMagni_3": "Mw estimates vary between 6.4-7.0 (Ortuño et al., 2012; Martínez-Díaz et al., 2012). Range of variation depends on rupture length considering 1-2 segments (Ortuño et al., 2012).", "Recurrence": 15000.0, "Recurren_1": "15000-29000", "Recurren_2": "LD", "Recurren_3": "Ortuño et al (2012) based on a minimum of six events in the last 174–274 ky, with a maximum recurrence interval between 15 and 29 ky for the last 59–116 ky. García-M. (2005) estimated previously 7000 yrs. Considering MEM results 3720 yrs, range:133", "DLME": "1674 AD", "DLMEError": null, "DLMESource": "LD", "DLMECommen": "Martínez-Díaz et al. (2018)", "RelatedEar": -1, "Extended_I": null, "References": "Echeverria, A., Khazaradze, G., Asensio, E., Gárate, J., Martín Dávila, J. and Suriñach, E. (2013). Crustal deformation in eastern Betics from CuaTeNeo GPS network, Tectonophysics, 608: 600–612.\n\nFerrater, M. et al. (2017). Lateral slip rate of Alh", "StrengthOf": "A+", "MaxMagni_4": "A", "SlipRateAc": "A", "Recurren_4": "A", "Fault_Trac": "1", "Slip_Rate_": "1", "Activity_D": "1", "OrdenVisua": "146", "BaseDeDato": "QAFI_V.3" }, "geometry": { "type": "MultiLineString", "coordinates": [ [ [ -1.870898983180938, 37.489204808100347 ], [ -1.870064798785791, 37.489675764203582 ] ], [ [ -1.874905423954174, 37.495232481398915 ], [ -1.874427306585857, 37.496682366504444 ], [ -1.874187092785803, 37.497248148904532 ] ], [ [ -1.872726171407195, 37.492290263867694 ], [ -1.872265575185792, 37.492500273203973 ], [ -1.871293321685755, 37.492837776803981 ], [ -1.86924917968571, 37.493704466804104 ], [ -1.867156637985715, 37.494570656904159 ], [ -1.864864802685703, 37.495820215804429 ], [ -1.863448529085587, 37.496731368204564 ] ], [ [ -1.869694354985711, 37.489836243403488 ], [ -1.868654568585726, 37.490645098603693 ], [ -1.867871655785734, 37.491254112703814 ], [ -1.866464827385698, 37.492348421103827 ], [ -1.865667493985711, 37.493077855503998 ], [ -1.864797547885644, 37.493873696303979 ], [ -1.864261428685666, 37.494615367104132 ], [ -1.863581683285644, 37.495555706304287 ], [ -1.862934885585616, 37.496649692804397 ], [ -1.862358840885576, 37.497685842104659 ], [ -1.861770012385648, 37.498545184804755 ], [ -1.861233675485607, 37.499272421604928 ], [ -1.860981653585555, 37.499944303404902 ], [ -1.86107836628554, 37.499945236005033 ] ], [ [ -1.874343210500329, 37.494435840976323 ], [ -1.873388687085764, 37.49499631570427 ], [ -1.871636371585794, 37.49575023300423 ], [ -1.86973895838571, 37.496502735704382 ], [ -1.867112693985746, 37.497479412304642 ], [ -1.864483445185613, 37.498648661704692 ], [ -1.862920875785618, 37.499635464704909 ], [ -1.861311078885591, 37.500544727105023 ], [ -1.860092787985592, 37.501149489505167 ], [ -1.85882142868553, 37.502061983005319 ], [ -1.857208594185522, 37.503163819305371 ], [ -1.855595712385479, 37.50426563270554 ], [ -1.854661585985468, 37.505258411305647 ], [ -1.853481508085451, 37.506518519205827 ], [ -1.852544671185448, 37.507684648105901 ], [ -1.851454158685442, 37.509407988906332 ], [ -1.850861406485364, 37.510211395106353 ], [ -1.849330809885373, 37.512238688206708 ], [ -1.847561857485345, 37.514032442706991 ] ], [ [ -1.874187092785803, 37.497248148904532 ], [ -1.876067895285872, 37.49692918120445 ], [ -1.876215362375064, 37.496838677423519 ] ], [ [ -1.87322106228578, 37.49971490600484 ], [ -1.873775552185747, 37.498217440404574 ], [ -1.874187092785803, 37.497248148904532 ] ], [ [ -1.881630089126669, 37.503476495235226 ], [ -1.878668013185916, 37.504159406005556 ], [ -1.874107191285816, 37.505117853705599 ], [ -1.871578557585792, 37.506018493005797 ], [ -1.868962734085756, 37.506282463405853 ], [ -1.866629193985716, 37.507069267705958 ], [ -1.86394714828566, 37.508507718706028 ], [ -1.861848864785542, 37.509720542606374 ], [ -1.860184027085495, 37.511053108406486 ], [ -1.858668917085537, 37.512078841006655 ], [ -1.857350162085538, 37.512913793606742 ], [ -1.856223662585421, 37.51382765730682 ], [ -1.855049358385486, 37.51470251440702 ], [ -1.853400817285433, 37.515602348107166 ], [ -1.851583987285381, 37.516665554607243 ], [ -1.850633546885319, 37.517383810007289 ], [ -1.849628033185354, 37.518288592807437 ], [ -1.84822504418537, 37.519584420007675 ], [ -1.846979841685311, 37.520798627607917 ], [ -1.846181380585336, 37.521809330008068 ], [ -1.845807172385264, 37.522249689608032 ] ], [ [ -1.864351721585593, 37.500959322005087 ], [ -1.863177715685651, 37.501834266705259 ], [ -1.861858023085631, 37.502746327705324 ], [ -1.860586071585601, 37.503697366305403 ], [ -1.859259865785588, 37.505033187505717 ], [ -1.858131162585494, 37.506101178305869 ] ], [ [ -1.872405640785757, 37.50248143790526 ], [ -1.873066727885765, 37.500329947905058 ] ], [ [ -1.872156315085761, 37.502979975005417 ], [ -1.870548295385732, 37.503773783705412 ], [ -1.867284377185626, 37.505322343305636 ], [ -1.865192652485633, 37.506111438305823 ], [ -1.863143402185586, 37.507286225205917 ], [ -1.863142817885603, 37.50732475160595 ] ], [ [ -1.857527351185524, 37.507636621005929 ], [ -1.856003455485506, 37.509240215506168 ], [ -1.854332048685422, 37.510996486806448 ], [ -1.85232142158543, 37.512787969306771 ], [ -1.851336415985372, 37.513934352706883 ], [ -1.849570427185313, 37.51553550590711 ], [ -1.848927462685367, 37.516454007907271 ] ], [ [ -1.851327320685414, 37.511371887306495 ], [ -1.852409607285381, 37.510187916606355 ], [ -1.854028554985461, 37.508700887706141 ], [ -1.855887478885449, 37.507331756705923 ] ], [ [ -1.860078510185588, 37.511630070406625 ], [ -1.859784809985513, 37.511858427406594 ], [ -1.859196817685529, 37.512353665506737 ], [ -1.858512675085535, 37.512809439206762 ], [ -1.85782500108553, 37.513496366806862 ], [ -1.856591185785476, 37.515102771707006 ], [ -1.854776323085445, 37.51674206190728 ], [ -1.853552409285442, 37.517693486107362 ], [ -1.851244869285381, 37.519905915607751 ], [ -1.849088814485356, 37.52169592370791 ], [ -1.847615189085331, 37.523145765408117 ], [ -1.846372093385298, 37.525329946208444 ], [ -1.845329546385245, 37.527053691308652 ], [ -1.844245709885229, 37.528314640008773 ], [ -1.844046266385249, 37.528698006408945 ] ], [ [ -1.847822134785303, 37.51598084600721 ], [ -1.846924266485303, 37.517744552307306 ], [ -1.846020421085313, 37.519893511807652 ], [ -1.845807172385264, 37.522249689608032 ] ], [ [ -1.842806463385216, 37.52909044780904 ], [ -1.842185697085199, 37.53012472260923 ], [ -1.841659282185218, 37.531314046909245 ], [ -1.841090733185183, 37.532098370809479 ], [ -1.840550998185109, 37.532971150909589 ], [ -1.838435777885138, 37.534915807809796 ], [ -1.836793210885105, 37.536560099909991 ], [ -1.836096647885028, 37.537569844810264 ], [ -1.8350932623851, 37.539152636810343 ], [ -1.834182847985063, 37.540228033510573 ], [ -1.832929363684968, 37.541469466910712 ], [ -1.832322031584965, 37.542208974610787 ], [ -1.831754594785024, 37.54311830841101 ], [ -1.831103098384915, 37.543959033211024 ], [ -1.830411152584986, 37.544663805911114 ], [ -1.829845262484923, 37.545471484411223 ], [ -1.829575112384987, 37.546417639811466 ], [ -1.828924092284979, 37.547224469611592 ], [ -1.826703599584903, 37.549532179211894 ], [ -1.824733117184792, 37.551640183012012 ], [ -1.822563798584838, 37.5536397894125 ], [ -1.820604825784756, 37.555003176012576 ], [ -1.818305054184691, 37.556788638312867 ], [ -1.817150923284658, 37.5579472595129 ], [ -1.815656001284708, 37.559527970013221 ], [ -1.813428682784661, 37.560941731613411 ] ], [ [ -1.838569311185097, 37.529695636109011 ], [ -1.841029650285179, 37.527558096708788 ], [ -1.843263666285282, 37.524857073408498 ], [ -1.845410592485222, 37.522716368708018 ], [ -1.845807172385264, 37.522249689608032 ] ], [ [ -1.838754371585083, 37.530358408409199 ], [ -1.837779967285087, 37.531585779509385 ], [ -1.836124842785125, 37.53383888610972 ], [ -1.835423913885052, 37.534811374809749 ], [ -1.83304640878498, 37.537415025110136 ], [ -1.831233447085026, 37.539849799810554 ], [ -1.82868696728491, 37.542443555210866 ], [ -1.825176542184806, 37.546565800811379 ], [ -1.82052816568472, 37.551085356612077 ], [ -1.817673974184687, 37.553808313612421 ], [ -1.815805379384642, 37.556171484412801 ], [ -1.814409000984655, 37.558026027313019 ], [ -1.812655410084574, 37.559630557213268 ], [ -1.811452791084548, 37.560645134813342 ], [ -1.809583172384521, 37.563049258713818 ], [ -1.808155483384497, 37.565231944913933 ], [ -1.802972912184429, 37.573146519615193 ], [ -1.80167446308434, 37.57528936451547 ], [ -1.800498821784288, 37.577813312015678 ], [ -1.799568288384364, 37.579528666116062 ], [ -1.798264346184283, 37.581999949816407 ], [ -1.796550097784292, 37.584401061616802 ], [ -1.795243453984256, 37.585686598216853 ] ], [ [ -1.841388981185161, 37.554385986112493 ], [ -1.837879011385099, 37.557005189112942 ], [ -1.836287663785014, 37.558722542313205 ], [ -1.833461744984959, 37.561077565213452 ], [ -1.831115193184928, 37.563220637513666 ], [ -1.827054304484875, 37.566213152314106 ], [ -1.825272037884759, 37.567061941714258 ], [ -1.821392727084686, 37.569297865914564 ], [ -1.819952603884758, 37.570014596914802 ], [ -1.817892486584697, 37.571212515314812 ], [ -1.815936921984644, 37.572248975114917 ], [ -1.814325754084563, 37.573018077315169 ], [ -1.811651023184538, 37.57434510171521 ], [ -1.809731032284552, 37.575273501415431 ], [ -1.808496511884527, 37.575883849715524 ], [ -1.807123743184492, 37.576628180015689 ], [ -1.805856026984487, 37.577184008015649 ], [ -1.8038678571844, 37.578111620915934 ], [ -1.8030276180844, 37.578564802215908 ] ], [ [ -1.8030276180844, 37.578564802215908 ], [ -1.802140939484332, 37.579718811516102 ], [ -1.801239092384321, 37.580792791016272 ], [ -1.799982246884326, 37.582783819216559 ], [ -1.799770441284294, 37.584098758116738 ], [ -1.79957430118435, 37.586777533816985 ], [ -1.798464907984282, 37.589111917617402 ], [ -1.796939791184286, 37.591106956617693 ], [ -1.795217309984253, 37.593465518918038 ], [ -1.79385545688416, 37.594822454018129 ], [ -1.792684950584203, 37.596181330518334 ], [ -1.79113012288417, 37.597627648118575 ], [ -1.789533499384107, 37.599286758118751 ], [ -1.787588314584014, 37.601185970519055 ], [ -1.784754102984038, 37.603593871119415 ], [ -1.783979765383947, 37.604118999519528 ], [ -1.78254441948394, 37.605261799419722 ], [ -1.782227446883951, 37.605513234419675 ] ], [ [ -1.799784099684302, 37.580290593316136 ], [ -1.801945939684401, 37.579148186016027 ], [ -1.8030276180844, 37.578564802215908 ] ], [ [ -1.795243453984256, 37.585686598216853 ], [ -1.794527463684232, 37.586390997116951 ], [ -1.79270101838415, 37.588078270917251 ], [ -1.791150797984187, 37.589250469717342 ], [ -1.790257585784161, 37.589841429917556 ], [ -1.789446490184162, 37.590591141717596 ], [ -1.788316241484097, 37.592071147317768 ], [ -1.787622051784069, 37.593188834117939 ], [ -1.787027161684023, 37.593867391817923 ], [ -1.78671037978404, 37.594450995918123 ], [ -1.786168582084031, 37.595643597618334 ], [ -1.784499925384011, 37.598096125218717 ], [ -1.783209054084012, 37.59999011631885 ], [ -1.782391798583945, 37.601106500819071 ] ], [ [ -1.795243453984256, 37.585686598216853 ], [ -1.794304726884207, 37.586074915216898 ], [ -1.793402595484224, 37.586470274517012 ], [ -1.792595410384137, 37.586982192117091 ], [ -1.791741359484149, 37.58739729611716 ], [ -1.79120259998416, 37.587777092117108 ], [ -1.789955933084116, 37.588515677017369 ], [ -1.789072338084111, 37.589257974217446 ], [ -1.788258221984051, 37.590193634417631 ] ], [ [ -1.779062710283881, 37.603590707719377 ], [ -1.777542969783837, 37.604430809719588 ], [ -1.776209578183796, 37.605150562219706 ], [ -1.774843425583754, 37.605992221519784 ], [ -1.773723087083737, 37.606836419419835 ], [ -1.772355670283786, 37.607751393320029 ], [ -1.769892086183689, 37.609902002120236 ], [ -1.768915620483654, 37.611334510620509 ], [ -1.767662116683596, 37.612788569720635 ], [ -1.766093844783598, 37.614644716921021 ], [ -1.764491586083579, 37.616472955521203 ], [ -1.764148814983571, 37.616940867021299 ] ], [ [ -1.76404095168357, 37.620496746821857 ], [ -1.766225460283635, 37.619742485321694 ], [ -1.768272581083636, 37.618639065121499 ], [ -1.769710583483686, 37.617186925421265 ], [ -1.77152136308365, 37.615494125421037 ], [ -1.773140428583702, 37.614239446620843 ], [ -1.775010117983811, 37.612693918120669 ], [ -1.778366084583808, 37.610479088220359 ], [ -1.778930456783826, 37.609800261720295 ], [ -1.780558855483888, 37.607958715920006 ], [ -1.782227446883951, 37.605513234419675 ] ], [ [ -1.76404095168357, 37.620496746821857 ], [ -1.766438738683632, 37.618540401621544 ], [ -1.768139224783681, 37.61700639272118 ], [ -1.770512498483697, 37.615098480321024 ], [ -1.773228240683693, 37.612963868920701 ], [ -1.773929421283811, 37.612240042820645 ], [ -1.775364034183837, 37.611158269620375 ], [ -1.777228731083824, 37.609532600020202 ], [ -1.779246487083867, 37.607908483520077 ], [ -1.780876340283953, 37.606584955819869 ], [ -1.782227446883951, 37.605513234419675 ] ], [ [ -1.760226798083409, 37.62504678132251 ], [ -1.760823167883473, 37.62470551722231 ], [ -1.762167053883445, 37.624230479022287 ], [ -1.763957293283568, 37.623692634122278 ], [ -1.76546908748361, 37.623320519622155 ], [ -1.767150207083546, 37.622967022122111 ], [ -1.767575645883653, 37.622887131422203 ] ], [ [ -1.760226798083409, 37.62504678132251 ], [ -1.761591847483486, 37.623111214122105 ], [ -1.764009792883598, 37.620522168121795 ], [ -1.76404095168357, 37.620496746821857 ] ], [ [ -1.760226798083409, 37.62504678132251 ], [ -1.759975080583502, 37.625190821222361 ], [ -1.758467408383467, 37.62631483922263 ], [ -1.756828438283435, 37.627496668222818 ], [ -1.755072325583399, 37.629002915823037 ], [ -1.755090935383293, 37.629003112123087 ], [ -1.752833817683267, 37.631525481823417 ], [ -1.751878784783229, 37.632980931623536 ], [ -1.750909563183257, 37.63416975932364 ], [ -1.749528130883163, 37.635517048623853 ], [ -1.748564548483159, 37.636365434924073 ], [ -1.74756247818317, 37.6372874219241 ], [ -1.746672790583148, 37.638043707524275 ], [ -1.745297394783165, 37.639127964324359 ], [ -1.743896295983121, 37.640270799424513 ], [ -1.743493613483053, 37.640737458224635 ], [ -1.741219920983042, 37.642901549024884 ], [ -1.739835792283032, 37.644215226125141 ], [ -1.738601017383019, 37.6452850081252 ], [ -1.737787719682956, 37.646128252025335 ], [ -1.736793920682885, 37.647141818825617 ], [ -1.736041405782884, 37.647894956925541 ], [ -1.735261594582937, 37.648796674825746 ], [ -1.734651226282836, 37.649770789725949 ] ], [ [ -1.755482343283346, 37.627232230422806 ], [ -1.757541127783384, 37.625296982022519 ], [ -1.7591111652834, 37.623878504622269 ], [ -1.760398367383516, 37.622416034122011 ], [ -1.761764183283446, 37.620872373821783 ], [ -1.762765797383566, 37.619529878721607 ] ], [ [ -1.74548794855059, 37.637295164696923 ], [ -1.745483035334985, 37.637297979181199 ] ], [ [ -1.745483035334985, 37.637297979181199 ], [ -1.745695726983172, 37.637101838024194 ], [ -1.749894093383205, 37.632871996823496 ], [ -1.750552065683224, 37.632205350023526 ], [ -1.754428229283348, 37.628281130222888 ], [ -1.755503494783398, 37.627232453522709 ] ], [ [ -1.745483035334985, 37.637297979181199 ], [ -1.743313081492488, 37.63854101454649 ], [ -1.740103824105972, 37.640296188975242 ], [ -1.735854771610434, 37.642779237952482 ], [ -1.731950471156267, 37.645110237045614 ], [ -1.729430758853994, 37.646561325373511 ] ], [ [ -1.745483035334985, 37.637297979181199 ], [ -1.744960469283114, 37.637779882024176 ], [ -1.743096421383086, 37.639368991924528 ], [ -1.740729627182986, 37.641537106124701 ], [ -1.739686446283031, 37.642763366024894 ], [ -1.738482414482973, 37.643775665525141 ], [ -1.737238530182935, 37.64472243562517 ], [ -1.735850559782933, 37.645716465625298 ], [ -1.734605439182871, 37.646487031325478 ] ], [ [ -1.734238718582845, 37.649169516325799 ], [ -1.734267226982922, 37.649125671025786 ], [ -1.733775083382853, 37.650312471625966 ], [ -1.732721393682823, 37.651661564226117 ], [ -1.730972890982799, 37.653455722826493 ], [ -1.729089218782746, 37.655844438526742 ], [ -1.728068197082678, 37.657100017927007 ] ], [ [ -1.730272178682753, 37.652084580526321 ], [ -1.729482734182795, 37.652838815126415 ], [ -1.728630583982749, 37.653430498226442 ], [ -1.726731721582724, 37.654875281226566 ], [ -1.724836607982638, 37.656096558226807 ], [ -1.723225925582653, 37.657122203426866 ], [ -1.722056712582628, 37.657904260527005 ], [ -1.720791283282608, 37.658499032027123 ] ], [ [ -1.714264327082389, 37.65709680002692 ], [ -1.717034155782471, 37.654986431626696 ], [ -1.718746068182497, 37.653436406826472 ], [ -1.721247958682625, 37.651355705226138 ], [ -1.723868236982639, 37.649554008925861 ], [ -1.72517693238268, 37.648734822625727 ], [ -1.725156385782726, 37.6487346005257 ], [ -1.725868638482723, 37.648296113425772 ], [ -1.727257024582684, 37.647867999825735 ], [ -1.728375967082741, 37.647610353325661 ] ], [ [ -1.728068197082678, 37.657100017927007 ], [ -1.726129084782712, 37.659065890627176 ], [ -1.723127976982653, 37.662082763127614 ], [ -1.721013300382538, 37.663584904527852 ], [ -1.718289000124969, 37.665319291058779 ] ], [ [ -1.728068197082678, 37.657100017927007 ], [ -1.726849958882668, 37.6572052330269 ], [ -1.725783149682684, 37.657373373426992 ], [ -1.722960754882592, 37.658013392527153 ], [ -1.720791283282608, 37.658499032027123 ] ], [ [ -1.716869473282486, 37.657987101727031 ], [ -1.717951091982513, 37.657239057526908 ], [ -1.718701944082567, 37.656601789726778 ] ], [ [ -1.720791283282608, 37.658499032027123 ], [ -1.720765526582568, 37.65851113782702 ], [ -1.719193649382589, 37.659090117927178 ], [ -1.716926496782492, 37.660133379627325 ], [ -1.715381510882423, 37.660960950527453 ], [ -1.713869438882399, 37.661689519827462 ], [ -1.711792545382367, 37.662560911227786 ], [ -1.710400189682389, 37.663588762327834 ], [ -1.708632973482339, 37.664612492427977 ], [ -1.706804961282273, 37.665536189228078 ] ], [ [ -1.712589702282401, 37.661625887327659 ], [ -1.716538846582524, 37.659061257727274 ] ], [ [ -1.710885935182376, 37.661704542127666 ], [ -1.71158241138238, 37.66124646552754 ], [ -1.712267475282374, 37.660853619827435 ], [ -1.712880184682434, 37.660484490227475 ], [ -1.713483600082384, 37.660058066327338 ], [ -1.71441031638244, 37.659357385227224 ], [ -1.715294368082425, 37.658746101427255 ], [ -1.715968833682439, 37.658369458127083 ], [ -1.716550680782461, 37.657999973027131 ], [ -1.717436526082509, 37.657282482826929 ] ], [ [ -1.710710752782348, 37.661757951127584 ], [ -1.709426796782338, 37.66273675832764 ], [ -1.707979184582258, 37.663756925727796 ], [ -1.706841684782205, 37.664636584428024 ], [ -1.706013815282234, 37.665404516528156 ], [ -1.70540647508227, 37.665980610528209 ], [ -1.704552975182252, 37.667179924128448 ], [ -1.70277700408218, 37.669376325328756 ], [ -1.702179811582141, 37.670405770328728 ], [ -1.701543395882084, 37.671607449428961 ], [ -1.700986881182132, 37.672378331929053 ], [ -1.700130222782092, 37.673750245529163 ], [ -1.699208166182074, 37.674718536429452 ], [ -1.697764700182005, 37.676515629929781 ], [ -1.69709346768201, 37.677630563829837 ] ], [ [ -1.718289094882493, 37.665319255828138 ], [ -1.718289000124969, 37.665319291058779 ] ], [ [ -1.718289000124969, 37.665319291058779 ], [ -1.71635621988247, 37.666037894928195 ], [ -1.713716122582411, 37.666952857128422 ], [ -1.712176537082314, 37.66745758852835 ], [ -1.709571876982352, 37.668124494728488 ], [ -1.706904697882293, 37.668790657428644 ], [ -1.704991911382252, 37.669191861928653 ] ], [ [ -1.718289000124969, 37.665319291058779 ], [ -1.717349483282533, 37.665917420928167 ], [ -1.71259812658235, 37.669491885628759 ], [ -1.708783825582315, 37.671864849028907 ], [ -1.707383130082293, 37.672730644529111 ], [ -1.706157331482246, 37.673344167129301 ], [ -1.704459940382208, 37.674105001629414 ], [ -1.702512530282093, 37.675079936629515 ] ], [ [ -1.719432800063203, 37.667536983380671 ], [ -1.721663201336298, 37.665888485203425 ], [ -1.722809826127844, 37.664656111007844 ], [ -1.723763379389425, 37.663266036265043 ], [ -1.724719558330719, 37.661720381839473 ], [ -1.726172230241332, 37.659752182847058 ], [ -1.727239147981493, 37.657941857667481 ] ], [ [ -1.702512530282093, 37.675079936629515 ], [ -1.702541548982139, 37.675060311729396 ] ], [ [ -1.702512530282093, 37.675079936629515 ], [ -1.69971025988201, 37.676719423829752 ], [ -1.698243360982077, 37.677780618229804 ], [ -1.696999981782028, 37.678799988229969 ], [ -1.696095144482001, 37.679572192330113 ] ] ] } },
{ "type": "Feature", "properties": { "ID": "ES760", "FaultName": "Los Tollos", "SectionNam": null, "LocationX": -1.44877532, "LocationY": 37.72121719, "Geological": "Betics (Murcia)", "Identifica": "Geological, geomorphological field mapping and geophysics", "NameOfComp": "Martín-Banda, R., García-Mayordomo, J., Insua-Arévalo, J.M.", "Filiation": "IGME and UCM\nIGME and UCM", "EmailCompi": "r.martin@igme.es", "Last_Updat": "2021-03-23", "AverageStr": "037", "StrikeErro": "± 5", "StrikeSour": "LD", "StrikeComm": "Mapped in Insua-Arévalo et al. (2015) and Martín-Banda (2020).", "Dip": "85", "DipError": "80-90", "DipSource": "LD", "DipComment": "Mapped previously as a normal fault dipping to the NW (Silva, 1994; Leyva Cabello et al., 2010), Insua-Arévalo et al. (2015) and Martín-Banda (2020) shows that it is a high angle (sub-vertical) southeast dipping fault.", "Rake": 15.0, "RakeError": "± 5", "RakeSource": "LD", "RakeCommen": "As measured in trenches (Insua-Arévalo et al., 2015; Martín-Banda, 2020).", "SenseOfMov": "S", "SenseOfM_1": null, "SenseOfM_2": "LD", "SenseOfM_3": "Left-lateral strike slip fault with reverse component, as seen in trenches (Insua-Arévalo et al, 2015; Martín-Banda, 2020).", "Length": 15.0, "LengthErro": "± 2", "LengthSour": "LD", "LengthComm": "Insua-Arévalo et al. (2015) and Martín-Banda (2020) interpret it as an independent fault extending SW under Gualentín Depression, as revealed in seismic profiles (Martínez del Olmo et al., 2006).", "MinDepth": 0.0, "MinDepthEr": "0-0.01", "MinDepthSo": "LD", "MinDepthCo": "Outcrops at the surface, though its extension to the SW may be covered partially by Guadalentin Depression Holocene filling (Insua-Arévalo et al., 2015; Martín-Banda, 2020).", "MaxDepth": 8.0, "MaxDepthEr": null, "MaxDepthSo": "LD", "MaxDepthCo": "Depth of the fragile-ductile transition in the Cartagena Crustal Block (García-Mayordomo, 2005).", "Width": 8.0305587015400004, "WidthError": null, "WidthSourc": "AR", "WidthComme": null, "Area": 120.458380523, "AreaError": null, "AreaSource": "AR", "AreaCommen": null, "AYDA": "Holocene", "AYDAError": null, "AYDASource": "LD", "AYDACommet": "Silva (1994); Leyva Cabello et al. (2010); and Insua-Arévalo et al. (2015) have dated sediments affected by the fault as recent as 2350 to 2210 BP (Trench Acopios 1).", "VerticalSl": 0.03, "Vertical_1": "0.02-0.06", "Vertical_2": "LD", "Vertical_3": "VSR calculated for different recurrence intervals and displacements considering a 15° rake striae on a vertical fault plane. Preferred value is the average from maximum and minimum NSR as shown in Insua-Arévalo et al. (2015) and Martín-Banda (2020).", "Horizontal": 0.14, "Horizont_1": "0.05-0.24", "Horizont_2": "LD", "Horizont_3": "HSR calculated for different recurrence intervals and displacements considering a 15° rake striae on a vertical fault plane. Preferred value is the average from maximum and minimum NSR as shown in Insua-Arévalo et al. (2015) and Martín-Banda (2020).", "NetSlipRat": 0.15, "NetSlipR_1": "0.06-0.25", "NetSlipR_2": "LD", "NetSlipR_3": "NSR calculated for different recurrence intervals and displacements considering a 15° rake striae on a vertical fault plane. Preferred value is the average from maximum and minimum NSR as shown in Insua-Arévalo et al. (2015) and Martín-Banda (2020).", "MaxSlipPer": 0.46, "MaxSlipP_1": "0.386-0.541", "MaxSlipP_2": "LD", "MaxSlipP_3": "Preferred value is the average from maximum and minimum, based on Insua-Arévalo et al. (2015).", "NumSeismic": "at least 2 in the last 9 ky", "NumSeism_1": "3 to 4", "NumSeism_2": "LD", "NumSeism_3": "Insua-Arévalo et al. (2015) and Martín-Banda (2020).", "EAC": "no", "EACSource": "EJ", "EACComment": "No evidence found.", "Geomorphic": "1) Fault scarp in Quaternary deposits,  2) Control on drainage network", "Geomorph_1": "LD", "Geomorph_2": "Silva (1994); Leyva Cabello et al. (2010);  Insua-Arévalo et al. (2015); Martín-Banda (2020). The evidence is mostly concentrated in the NE section of the fault.", "MaxMagnitu": 6.45, "MaxMagni_1": "6.3-6.6", "MaxMagni_2": "LD", "MaxMagni_3": "Considering Stirling et al. (2013) results Mw 6.2-6.7 (Insua-Arévalo et al., 2015) or 7.10 ± 0.30 if a complete rupture of the Fault System of Carrascoy Range takes place as it has been interpreted for the last 6 ky in Martín-Banda (2020).", "Recurrence": 3200.0, "Recurren_1": "6860-2200", "Recurren_2": "LD", "Recurren_3": "Preferred value is the average from maximum (6860) and minimum (2200) RI from Insua-Arévalo et al. (2015) or 2600-3312 years for the multi-fault rupture of Carrascoy and Los Tollos faults during the last 6 ka (see discussion in Martín-Banda, 2020).", "DLME": "2440", "DLMEError": "2140-2740", "DLMESource": "LD", "DLMECommen": "Last major earthquake identified in the Los Tollos Fault (Insua-Arévalo et al., 2015) correlates with the last major event identified in the Carrascoy Fault (Martín-Banda, 2020) in the Buenavista outcrop (Martín-Banda et al., 2015).", "RelatedEar": 0, "Extended_I": "EXTENDED INFORMATION\\", "References": "García-Mayordomo, J. (2005). Caracterización y Análisis de la Peligrosidad Sísmica en el Sureste de España. Tesis Doctoral, Universidad Complutense de Madrid, 373 pp.\n\nInsua-Arévalo, J.M., García-Mayordomo, J., Salazar, A., Rodríguez-Escudero, E.", "StrengthOf": "A", "MaxMagni_4": "B", "SlipRateAc": "A", "Recurren_4": "B", "Fault_Trac": "2", "Slip_Rate_": "3", "Activity_D": "1", "OrdenVisua": "169", "BaseDeDato": "QAFI_V.3" }, "geometry": { "type": "MultiLineString", "coordinates": [ [ [ -1.363461131518591, 37.807784916207652 ], [ -1.364670798535428, 37.806689454798118 ], [ -1.365833329822124, 37.805296206344792 ], [ -1.368066678510957, 37.802448867460839 ], [ -1.370100773477816, 37.800542433898158 ], [ -1.372775520412176, 37.797889849686158 ], [ -1.375302496378879, 37.795187978158197 ], [ -1.376275296664346, 37.794210497890276 ], [ -1.377233313485704, 37.792548616040165 ], [ -1.378336795794496, 37.791030284836324 ], [ -1.380310869352911, 37.789122839749268 ], [ -1.381588950763671, 37.78777202624326 ], [ -1.381956900663567, 37.787258040020049 ], [ -1.382462449932405, 37.786614725496804 ], [ -1.382888850031634, 37.786118143192311 ], [ -1.383115442648204, 37.785681923914012 ], [ -1.383477006570388, 37.785389934523096 ], [ -1.383779762107736, 37.785096169221617 ], [ -1.383863546677446, 37.784877799010076 ], [ -1.38634374951971, 37.782496605937865 ], [ -1.397340471714529, 37.769766102479878 ], [ -1.401631542955954, 37.765605167266074 ], [ -1.405849910623431, 37.761399277454018 ], [ -1.40750553305503, 37.759748552323572 ], [ -1.409788227289198, 37.757472610257821 ], [ -1.41316674262896, 37.753337573963108 ], [ -1.416243123332436, 37.749310012477906 ], [ -1.420577645828132, 37.743635306535225 ], [ -1.423761167998009, 37.740217034764726 ], [ -1.425983631154452, 37.738506602954999 ], [ -1.430073723812257, 37.734967016713995 ], [ -1.435427518810684, 37.730333816271525 ], [ -1.440082208532544, 37.727154501689427 ], [ -1.448775325062627, 37.72121718678693 ] ], [ [ -1.357376094404913, 37.810223323021205 ], [ -1.360311813358351, 37.808942953786584 ], [ -1.363080750131587, 37.807115257310102 ] ], [ [ -1.341960446251449, 37.82931134078035 ], [ -1.344581998294984, 37.826974413544974 ], [ -1.346125645411519, 37.823592145224268 ], [ -1.348808793044157, 37.821009644260926 ], [ -1.349541280653625, 37.819810609957472 ], [ -1.349860696011092, 37.819411985268459 ], [ -1.353085726785423, 37.81656824008337 ], [ -1.355245610824511, 37.813373613515125 ], [ -1.356453745964814, 37.81108384220795 ] ] ] } }
]
}
